fall,winter,spring,summer,,,,,,
103,44,27,52,,,,,,
63,5,19,35,,,fall,winter,spring,summer
33,2,11,15,,median,358,177,323,496.5
23,4,4,12,,,,,,
11,3,8,13,,,,,,
15,74,90,118,,,,,,
42,256,318,366,,,,,,
115,795,795,933,,,,,,
146,1139,1079,1224,,,,,,
174,515,406,545,,,,,,
272,264,246,431,,,,,,
477,259,339,453,,,,,,
562,371,433,604,,,,,,
416,403,323,601,,,,,,
463,335,261,545,,,,,,
625,453,349,702,,,,,,
551,731,626,1024,,,,,,
632,1153,1085,1795,,,,,,
536,932,971,1388,,,,,,
449,551,600,1014,,,,,,
304,322,425,768,,,,,,
248,252,294,476,,,,,,
208,178,188,299,,,,,,
161,90,80,242,,,,,,
191,47,43,90,,,,,,
102,27,14,31,,,,,,
71,14,9,26,,,,,,
36,6,2,3,,,,,,
9,14,12,14,,,,,,
5,70,63,85,,,,,,
45,222,251,323,,,,,,
93,636,727,849,,,,,,
209,1046,1070,1244,,,,,,
406,501,464,637,,,,,,
670,279,209,521,,,,,,
791,308,280,510,,,,,,
926,414,327,751,,,,,,
892,406,333,692,,,,,,
922,398,292,661,,,,,,
948,502,386,847,,,,,,
973,698,552,1149,,,,,,
898,1013,1093,1681,,,,,,
853,677,826,1277,,,,,,
588,467,428,876,,,,,,
348,239,307,654,,,,,,
209,172,229,502,,,,,,
175,149,137,424,,,,,,
84,106,80,263,,,,,,
43,81,43,188,,,,,,
16,44,13,112,,,,,,
19,24,14,79,,,,,,
7,9,1,29,,,,,,
16,11,14,15,,,,,,
92,21,64,43,,,,,,
309,93,180,78,,,,,,
855,219,468,175,,,,,,
1151,358,923,393,,,,,,
599,435,489,670,,,,,,
340,523,254,888,,,,,,
443,594,286,1083,,,,,,
582,567,335,1083,,,,,,
556,632,307,1205,,,,,,
519,555,276,1167,,,,,,
607,483,339,1076,,,,,,
928,379,533,1007,,,,,,
1705,316,797,1015,,,,,,
1448,262,587,999,,,,,,
869,184,291,893,,,,,,
497,137,189,655,,,,,,
349,121,145,402,,,,,,
224,99,124,360,,,,,,
127,95,69,283,,,,,,
38,63,52,202,,,,,,
17,56,36,139,,,,,,
11,38,21,101,,,,,,
6,9,9,46,,,,,,
18,10,3,16,,,,,,
100,18,8,35,,,,,,
352,105,16,77,,,,,,
1018,112,63,149,,,,,,
1407,263,173,370,,,,,,
680,381,276,522,,,,,,
382,483,365,829,,,,,,
417,530,442,1037,,,,,,
559,517,459,1084,,,,,,
517,462,487,1050,,,,,,
529,516,461,1102,,,,,,
600,491,472,979,,,,,,
942,351,498,953,,,,,,
1715,257,426,934,,,,,,
1399,209,304,871,,,,,,
800,160,202,735,,,,,,
563,80,151,560,,,,,,
356,35,114,418,,,,,,
242,23,120,289,,,,,,
126,14,125,136,,,,,,
44,3,58,49,,,,,,
9,4,43,28,,,,,,
13,0,29,4,,,,,,
2,7,15,5,,,,,,
16,59,4,11,,,,,,
100,235,7,98,,,,,,
367,634,10,339,,,,,,
1078,961,65,834,,,,,,
1302,469,118,1054,,,,,,
624,238,198,501,,,,,,
359,260,314,238,,,,,,
425,341,411,312,,,,,,
493,361,461,325,,,,,,
512,281,496,352,,,,,,
469,377,551,317,,,,,,
586,633,520,406,,,,,,
979,1117,475,862,,,,,,
1680,932,377,1578,,,,,,
1357,507,307,1272,,,,,,
845,334,195,846,,,,,,
550,250,134,501,,,,,,
393,138,98,374,,,,,,
235,55,77,236,,,,,,
152,33,36,98,,,,,,
49,6,17,48,,,,,,
19,4,4,16,,,,,,
8,2,2,13,,,,,,
2,10,3,0,,,,,,
14,66,11,14,,,,,,
90,298,55,114,,,,,,
309,732,229,443,,,,,,
936,877,604,1089,,,,,,
1321,315,986,1311,,,,,,
560,93,418,632,,,,,,
356,84,239,408,,,,,,
406,97,277,517,,,,,,
530,57,354,584,,,,,,
518,35,388,579,,,,,,
462,55,348,603,,,,,,
611,98,456,715,,,,,,
947,244,607,1004,,,,,,
1571,241,1216,1843,,,,,,
1400,136,950,1482,,,,,,
845,163,574,1021,,,,,,
569,111,374,775,,,,,,
390,97,225,496,,,,,,
299,39,165,273,,,,,,
150,22,81,159,,,,,,
83,8,21,76,,,,,,
35,6,8,20,,,,,,
17,1,9,14,,,,,,
9,8,3,11,,,,,,
20,79,12,17,,,,,,
75,263,72,121,,,,,,
264,777,277,365,,,,,,
851,1020,777,1023,,,,,,
1209,464,1164,1308,,,,,,
646,230,470,560,,,,,,
392,248,300,357,,,,,,
522,388,402,406,,,,,,
668,365,447,519,,,,,,
726,344,404,521,,,,,,
738,414,354,526,,,,,,
921,646,495,562,,,,,,
1224,1105,695,963,,,,,,
1507,882,979,1734,,,,,,
1092,552,613,1329,,,,,,
682,343,320,802,,,,,,
467,235,167,604,,,,,,
499,154,160,353,,,,,,
348,101,152,251,,,,,,
200,35,82,120,,,,,,
171,20,30,75,,,,,,
114,6,10,29,,,,,,
76,1,10,15,,,,,,
27,5,1,9,,,,,,
17,64,6,16,,,,,,
21,240,70,96,,,,,,
49,729,260,388,,,,,,
136,1129,800,1006,,,,,,
277,560,1150,1338,,,,,,
490,241,504,590,,,,,,
463,274,318,374,,,,,,
323,327,450,438,,,,,,
234,318,570,576,,,,,,
187,307,578,546,,,,,,
131,369,487,499,,,,,,
171,574,640,730,,,,,,
312,933,885,1005,,,,,,
344,759,1365,1720,,,,,,
369,442,1109,1558,,,,,,
298,272,638,964,,,,,,
256,210,430,781,,,,,,
252,129,364,562,,,,,,
206,49,198,427,,,,,,
201,31,98,210,,,,,,
129,15,56,84,,,,,,
81,18,21,35,,,,,,
79,2,7,32,,,,,,
24,4,5,8,,,,,,
15,48,12,15,,,,,,
11,168,77,102,,,,,,
30,474,297,317,,,,,,
98,908,868,846,,,,,,
199,455,1289,1242,,,,,,
392,250,604,640,,,,,,
579,274,391,481,,,,,,
730,301,484,650,,,,,,
990,290,594,791,,,,,,
745,284,657,823,,,,,,
875,369,640,830,,,,,,
926,502,747,943,,,,,,
1010,696,978,1199,,,,,,
1013,489,1646,1638,,,,,,
756,288,1206,1174,,,,,,
490,201,674,837,,,,,,
370,155,454,650,,,,,,
132,114,352,511,,,,,,
178,83,228,437,,,,,,
174,69,119,290,,,,,,
69,45,52,273,,,,,,
40,20,26,145,,,,,,
21,11,16,105,,,,,,
10,6,6,30,,,,,,
12,5,10,21,,,,,,
35,19,68,36,,,,,,
123,74,213,122,,,,,,
292,158,625,212,,,,,,
571,241,870,418,,,,,,
455,281,151,688,,,,,,
471,342,66,991,,,,,,
578,417,137,1160,,,,,,
721,453,258,1190,,,,,,
780,348,281,1172,,,,,,
890,404,301,1154,,,,,,
833,311,363,1229,,,,,,
912,263,492,938,,,,,,
1134,212,856,891,,,,,,
894,150,526,818,,,,,,
665,119,246,866,,,,,,
371,111,158,762,,,,,,
267,71,119,608,,,,,,
201,72,87,457,,,,,,
70,55,71,391,,,,,,
27,52,48,256,,,,,,
15,46,26,155,,,,,,
6,14,27,106,,,,,,
8,4,11,46,,,,,,
16,10,4,8,,,,,,
82,18,23,21,,,,,,
275,39,47,51,,,,,,
837,93,168,138,,,,,,
1106,165,238,293,,,,,,
530,256,312,592,,,,,,
333,319,403,737,,,,,,
393,370,455,863,,,,,,
504,389,453,964,,,,,,
472,337,425,1021,,,,,,
481,358,376,966,,,,,,
559,345,434,878,,,,,,
1000,263,392,841,,,,,,
1780,192,426,863,,,,,,
1322,186,252,781,,,,,,
694,123,200,729,,,,,,
426,91,123,673,,,,,,
324,62,126,417,,,,,,
251,28,82,269,,,,,,
88,14,65,167,,,,,,
28,8,42,61,,,,,,
13,4,34,37,,,,,,
6,3,0,10,,,,,,
6,4,11,14,,,,,,
9,29,7,15,,,,,,
81,126,6,103,,,,,,
326,435,35,359,,,,,,
865,815,59,903,,,,,,
1287,442,120,1096,,,,,,
547,204,239,521,,,,,,
345,194,351,369,,,,,,
406,276,438,405,,,,,,
448,281,401,478,,,,,,
511,296,507,477,,,,,,
464,365,484,474,,,,,,
565,621,459,577,,,,,,
905,1058,469,918,,,,,,
1671,794,361,1599,,,,,,
1363,448,215,1290,,,,,,
760,266,132,868,,,,,,
492,176,97,712,,,,,,
359,110,66,507,,,,,,
236,68,40,317,,,,,,
104,32,27,195,,,,,,
50,11,13,85,,,,,,
17,6,2,36,,,,,,
9,2,1,14,,,,,,
11,6,6,7,,,,,,
12,68,62,14,,,,,,
79,237,175,117,,,,,,
293,709,460,446,,,,,,
933,1061,839,1068,,,,,,
1306,496,432,1216,,,,,,
580,210,198,548,,,,,,
344,251,198,338,,,,,,
404,285,285,430,,,,,,
559,284,288,467,,,,,,
477,272,314,452,,,,,,
477,338,403,423,,,,,,
585,558,580,502,,,,,,
961,992,909,775,,,,,,
1673,767,735,1567,,,,,,
1459,463,282,1381,,,,,,
795,288,144,909,,,,,,
485,185,61,671,,,,,,
357,149,40,507,,,,,,
241,73,16,401,,,,,,
132,21,3,160,,,,,,
220,11,4,64,,,,,,
165,4,1,34,,,,,,
26,4,0,17,,,,,,
16,10,1,9,,,,,,
19,68,2,18,,,,,,
57,258,6,116,,,,,,
234,662,16,403,,,,,,
746,966,28,1040,,,,,,
1187,432,50,1250,,,,,,
674,197,75,594,,,,,,
431,229,93,283,,,,,,
541,291,71,438,,,,,,
544,265,80,592,,,,,,
662,279,67,469,,,,,,
681,342,99,499,,,,,,
743,539,141,579,,,,,,
1116,986,239,903,,,,,,
1504,825,252,1598,,,,,,
1139,502,156,1437,,,,,,
620,304,82,1039,,,,,,
435,217,59,750,,,,,,
319,127,40,536,,,,,,
226,71,18,367,,,,,,
166,40,8,172,,,,,,
149,17,3,74,,,,,,
77,7,3,35,,,,,,
60,0,0,19,,,,,,
26,8,3,9,,,,,,
10,58,29,17,,,,,,
21,170,118,115,,,,,,
39,462,246,398,,,,,,
133,759,434,974,,,,,,
297,325,250,1225,,,,,,
528,148,121,608,,,,,,
697,106,89,426,,,,,,
1013,155,105,452,,,,,,
1057,137,105,591,,,,,,
1189,135,77,589,,,,,,
1207,182,117,570,,,,,,
1207,285,237,685,,,,,,
1114,521,474,999,,,,,,
1003,434,409,1712,,,,,,
835,222,219,1472,,,,,,
521,156,139,970,,,,,,
372,126,99,703,,,,,,
272,62,51,565,,,,,,
252,41,23,436,,,,,,
240,19,6,199,,,,,,
149,10,9,99,,,,,,
116,1,8,41,,,,,,
69,1,2,21,,,,,,
41,6,4,11,,,,,,
19,36,38,17,,,,,,
12,121,148,108,,,,,,
29,321,336,344,,,,,,
102,621,644,810,,,,,,
196,338,314,1207,,,,,,
437,161,133,734,,,,,,
752,188,116,464,,,,,,
966,199,162,572,,,,,,
1020,198,176,632,,,,,,
1039,177,182,658,,,,,,
1069,259,235,588,,,,,,
960,365,396,747,,,,,,
1086,489,788,1069,,,,,,
953,414,624,1535,,,,,,
831,195,332,1119,,,,,,
529,143,200,729,,,,,,
361,111,169,454,,,,,,
262,85,111,249,,,,,,
175,59,46,117,,,,,,
80,43,27,140,,,,,,
30,44,7,115,,,,,,
16,22,6,102,,,,,,
10,11,4,71,,,,,,
5,6,9,43,,,,,,
17,3,50,14,,,,,,
87,4,147,37,,,,,,
302,11,377,41,,,,,,
790,20,767,165,,,,,,
1123,27,403,378,,,,,,
526,54,228,613,,,,,,
383,53,248,806,,,,,,
452,131,379,919,,,,,,
566,120,398,1070,,,,,,
555,223,372,1018,,,,,,
542,268,486,1095,,,,,,
557,295,636,1060,,,,,,
965,257,979,983,,,,,,
1643,195,665,1012,,,,,,
1360,148,366,884,,,,,,
723,118,216,816,,,,,,
538,112,169,690,,,,,,
373,79,146,530,,,,,,
217,75,122,442,,,,,,
125,64,66,289,,,,,,
49,56,38,218,,,,,,
21,44,42,150,,,,,,
12,29,17,144,,,,,,
6,6,8,63,,,,,,
10,9,7,20,,,,,,
107,6,30,22,,,,,,
368,38,70,39,,,,,,
1043,92,146,142,,,,,,
1325,131,260,265,,,,,,
619,246,423,539,,,,,,
371,310,567,752,,,,,,
417,379,731,987,,,,,,
550,337,863,970,,,,,,
549,199,956,853,,,,,,
493,229,1048,827,,,,,,
651,294,1018,851,,,,,,
891,214,848,754,,,,,,
1813,203,617,789,,,,,,
1503,162,218,714,,,,,,
845,75,145,655,,,,,,
566,102,89,588,,,,,,
410,58,23,413,,,,,,
232,30,15,260,,,,,,
135,14,24,146,,,,,,
50,7,16,64,,,,,,
25,2,19,18,,,,,,
9,1,4,9,,,,,,
6,10,5,11,,,,,,
11,51,4,124,,,,,,
119,171,5,381,,,,,,
356,500,26,817,,,,,,
1080,768,71,1001,,,,,,
1353,418,181,491,,,,,,
644,191,321,419,,,,,,
349,228,405,454,,,,,,
453,312,510,586,,,,,,
537,287,554,569,,,,,,
526,254,656,536,,,,,,
481,330,605,430,,,,,,
569,444,587,265,,,,,,
924,784,542,564,,,,,,
1704,676,425,741,,,,,,
1373,383,261,666,,,,,,
827,228,167,549,,,,,,
641,139,141,371,,,,,,
298,76,106,228,,,,,,
302,54,54,107,,,,,,
284,29,23,43,,,,,,
71,16,9,20,,,,,,
30,5,4,16,,,,,,
12,2,4,3,,,,,,
14,5,5,12,,,,,,
11,74,63,134,,,,,,
90,191,225,444,,,,,,
299,469,583,1090,,,,,,
978,786,921,1243,,,,,,
1377,400,465,549,,,,,,
610,184,271,424,,,,,,
376,242,322,546,,,,,,
441,268,463,596,,,,,,
572,251,463,569,,,,,,
560,247,433,490,,,,,,
523,288,528,599,,,,,,
605,436,693,984,,,,,,
983,734,1307,1736,,,,,,
1732,609,1058,1506,,,,,,
1430,344,593,1030,,,,,,
827,230,385,778,,,,,,
589,167,250,624,,,,,,
408,83,162,365,,,,,,
307,46,73,176,,,,,,
175,19,27,82,,,,,,
100,3,10,28,,,,,,
42,3,7,11,,,,,,
21,3,1,5,,,,,,
9,10,6,18,,,,,,
16,63,72,137,,,,,,
87,167,296,433,,,,,,
294,471,698,1000,,,,,,
819,775,1172,1349,,,,,,
1313,457,543,585,,,,,,
626,227,297,440,,,,,,
434,258,299,486,,,,,,
554,339,378,586,,,,,,
670,319,435,591,,,,,,
682,319,436,551,,,,,,
180,359,574,566,,,,,,
364,516,836,967,,,,,,
781,796,1428,1701,,,,,,
1325,586,1249,1482,,,,,,
903,399,699,1007,,,,,,
538,190,489,832,,,,,,
271,141,350,578,,,,,,
220,107,217,363,,,,,,
185,60,93,212,,,,,,
151,30,39,101,,,,,,
121,11,13,29,,,,,,
68,8,6,25,,,,,,
34,4,3,14,,,,,,
19,3,11,15,,,,,,
8,45,67,114,,,,,,
13,157,280,440,,,,,,
34,413,646,956,,,,,,
118,693,1017,1274,,,,,,
298,448,488,626,,,,,,
506,233,239,392,,,,,,
665,309,282,474,,,,,,
749,379,336,615,,,,,,
809,440,321,579,,,,,,
807,372,290,573,,,,,,
873,375,418,610,,,,,,
745,509,552,924,,,,,,
744,622,1064,1582,,,,,,
658,456,913,1369,,,,,,
512,264,576,936,,,,,,
317,181,304,712,,,,,,
270,118,232,528,,,,,,
219,70,155,384,,,,,,
145,47,61,227,,,,,,
172,27,22,104,,,,,,
115,18,5,84,,,,,,
61,5,9,29,,,,,,
53,4,0,7,,,,,,
30,4,4,14,,,,,,
12,35,61,94,,,,,,
5,81,231,117,,,,,,
24,196,586,469,,,,,,
77,397,1007,1170,,,,,,
182,277,495,761,,,,,,
417,220,219,399,,,,,,
628,242,296,486,,,,,,
771,308,337,650,,,,,,
929,371,344,601,,,,,,
948,410,344,634,,,,,,
910,397,465,742,,,,,,
919,361,663,815,,,,,,
892,277,1173,1535,,,,,,
861,196,972,1086,,,,,,
694,112,561,858,,,,,,
375,99,343,692,,,,,,
281,82,257,468,,,,,,
208,50,153,386,,,,,,
135,40,69,317,,,,,,
78,28,37,222,,,,,,
34,21,9,126,,,,,,
19,13,7,42,,,,,,
13,9,6,26,,,,,,
3,9,6,9,,,,,,
10,1,52,26,,,,,,
87,2,208,70,,,,,,
289,10,559,196,,,,,,
817,16,956,452,,,,,,
1021,28,478,718,,,,,,
524,44,90,878,,,,,,
366,83,81,1005,,,,,,
416,128,313,1073,,,,,,
462,158,461,1102,,,,,,
491,158,464,1170,,,,,,
457,138,612,1181,,,,,,
569,134,838,997,,,,,,
882,117,1268,1067,,,,,,
1594,79,983,911,,,,,,
1205,70,630,856,,,,,,
670,29,356,800,,,,,,
396,38,270,600,,,,,,
241,39,221,430,,,,,,
156,20,181,364,,,,,,
78,11,135,263,,,,,,
26,12,97,199,,,,,,
2,11,60,102,,,,,,
8,1,33,54,,,,,,
5,0,15,23,,,,,,
11,8,16,32,,,,,,
96,10,49,69,,,,,,
327,7,126,158,,,,,,
892,21,311,325,,,,,,
1296,45,622,531,,,,,,
529,108,905,842,,,,,,
341,189,1306,915,,,,,,
376,231,1499,1137,,,,,,
505,307,1616,1182,,,,,,
451,293,1557,1140,,,,,,
445,294,1625,1111,,,,,,
517,250,1467,1089,,,,,,
805,118,1336,996,,,,,,
1565,72,1089,940,,,,,,
1189,55,761,806,,,,,,
701,32,531,735,,,,,,
435,38,396,484,,,,,,
358,23,365,287,,,,,,
195,19,274,201,,,,,,
106,21,154,83,,,,,,
64,6,85,35,,,,,,
16,7,61,7,,,,,,
5,0,31,12,,,,,,
5,2,11,11,,,,,,
12,7,7,114,,,,,,
91,20,23,369,,,,,,
291,34,70,943,,,,,,
825,53,216,1142,,,,,,
1203,115,333,526,,,,,,
541,117,457,410,,,,,,
329,174,571,539,,,,,,
361,189,634,642,,,,,,
446,213,662,660,,,,,,
503,204,563,650,,,,,,
421,260,613,755,,,,,,
506,280,533,1130,,,,,,
820,183,519,1834,,,,,,
1487,151,366,1536,,,,,,
1138,115,260,1104,,,,,,
682,81,157,762,,,,,,
385,64,135,521,,,,,,
274,42,104,366,,,,,,
190,23,56,241,,,,,,
102,15,37,115,,,,,,
29,11,8,20,,,,,,
23,2,3,16,,,,,,
8,0,0,2,,,,,,
10,3,8,14,,,,,,
15,32,51,136,,,,,,
83,101,234,438,,,,,,
282,214,539,1038,,,,,,
813,353,885,1588,,,,,,
1276,315,439,763,,,,,,
578,224,264,467,,,,,,
342,290,342,567,,,,,,
349,351,443,629,,,,,,
307,426,507,609,,,,,,
207,481,576,601,,,,,,
168,533,739,626,,,,,,
284,598,928,1068,,,,,,
608,691,1656,1879,,,,,,
1202,461,1428,1492,,,,,,
996,272,997,1006,,,,,,
608,179,610,791,,,,,,
393,115,356,522,,,,,,
362,91,208,430,,,,,,
205,45,109,198,,,,,,
132,22,55,85,,,,,,
50,12,22,25,,,,,,
26,7,14,13,,,,,,
13,3,9,4,,,,,,
15,8,8,13,,,,,,
11,42,72,128,,,,,,
66,131,313,404,,,,,,
226,298,833,1068,,,,,,
707,514,1019,1411,,,,,,
1138,395,288,631,,,,,,
559,337,165,387,,,,,,
363,375,214,518,,,,,,
438,471,254,613,,,,,,
540,476,368,605,,,,,,
551,409,407,614,,,,,,
548,480,636,690,,,,,,
654,603,866,1081,,,,,,
1020,684,1591,1856,,,,,,
1361,456,1312,1568,,,,,,
907,264,798,1018,,,,,,
521,138,487,882,,,,,,
346,126,386,635,,,,,,
228,95,218,446,,,,,,
204,50,109,198,,,,,,
135,17,43,75,,,,,,
102,15,19,30,,,,,,
85,6,10,13,,,,,,
66,0,1,6,,,,,,
29,1,9,9,,,,,,
12,13,87,127,,,,,,
21,37,318,415,,,,,,
35,124,843,999,,,,,,
108,175,1231,1359,,,,,,
245,177,575,606,,,,,,
441,161,373,401,,,,,,
637,189,463,490,,,,,,
874,276,640,587,,,,,,
1061,258,639,595,,,,,,
1117,306,578,567,,,,,,
1121,389,731,689,,,,,,
1197,494,996,969,,,,,,
1100,594,1689,1581,,,,,,
977,392,1420,1429,,,,,,
766,238,899,1055,,,,,,
499,124,530,835,,,,,,
356,121,366,527,,,,,,
324,89,225,375,,,,,,
258,58,104,206,,,,,,
184,18,35,106,,,,,,
158,20,11,54,,,,,,
150,15,3,41,,,,,,
141,3,2,15,,,,,,
76,1,6,17,,,,,,
30,24,72,104,,,,,,
36,96,269,359,,,,,,
77,223,738,832,,,,,,
151,402,1170,1317,,,,,,
350,307,515,679,,,,,,
624,215,352,522,,,,,,
811,282,353,620,,,,,,
953,291,462,691,,,,,,
896,367,474,684,,,,,,
998,333,512,670,,,,,,
1081,411,564,835,,,,,,
1048,392,763,1115,,,,,,
1049,327,1329,1394,,,,,,
1025,248,1097,1043,,,,,,
467,157,592,868,,,,,,
231,118,433,658,,,,,,
185,83,289,476,,,,,,
143,57,180,391,,,,,,
126,57,103,261,,,,,,
96,39,35,189,,,,,,
52,30,11,121,,,,,,
17,8,6,84,,,,,,
4,14,0,36,,,,,,
6,2,8,18,,,,,,
16,3,38,38,,,,,,
81,10,120,76,,,,,,
277,29,122,167,,,,,,
817,92,279,344,,,,,,
1003,150,130,561,,,,,,
581,261,37,780,,,,,,
352,295,40,930,,,,,,
422,338,53,940,,,,,,
544,321,104,942,,,,,,
487,328,182,829,,,,,,
534,278,195,725,,,,,,
652,255,411,498,,,,,,
986,212,763,752,,,,,,
1526,144,615,734,,,,,,
1031,126,144,790,,,,,,
535,91,154,642,,,,,,
324,76,125,555,,,,,,
233,57,128,366,,,,,,
159,58,93,292,,,,,,
87,77,63,176,,,,,,
38,80,45,167,,,,,,
16,62,27,98,,,,,,
5,18,19,47,,,,,,
12,5,5,12,,,,,,
9,5,9,29,,,,,,
91,8,50,79,,,,,,
322,24,122,173,,,,,,
950,53,230,342,,,,,,
1344,108,488,568,,,,,,
622,168,715,796,,,,,,
332,248,862,937,,,,,,
396,375,936,1028,,,,,,
487,420,963,1070,,,,,,
436,522,1028,1136,,,,,,
390,546,1008,1115,,,,,,
518,390,1033,1031,,,,,,
827,301,906,990,,,,,,
1609,184,619,887,,,,,,
1166,162,429,925,,,,,,
683,110,261,787,,,,,,
466,91,197,575,,,,,,
316,60,167,378,,,,,,
209,46,139,237,,,,,,
125,45,163,114,,,,,,
59,22,77,72,,,,,,
9,6,78,44,,,,,,
3,1,27,6,,,,,,
3,2,9,15,,,,,,
10,10,13,73,,,,,,
104,20,244,232,,,,,,
348,33,173,520,,,,,,
991,41,251,734,,,,,,
1301,50,592,694,,,,,,
576,76,811,784,,,,,,
308,119,995,897,,,,,,
464,103,1218,985,,,,,,
517,94,1257,952,,,,,,
494,85,1427,1123,,,,,,
461,98,1342,1184,,,,,,
598,143,1333,1208,,,,,,
938,171,1209,1273,,,,,,
1689,150,940,1094,,,,,,
1317,114,656,1005,,,,,,
789,95,397,856,,,,,,
474,77,231,675,,,,,,
350,50,174,438,,,,,,
230,33,97,315,,,,,,
90,13,39,230,,,,,,
82,5,19,133,,,,,,
68,2,10,90,,,,,,
8,0,5,42,,,,,,
8,2,6,11,,,,,,
15,47,78,42,,,,,,
77,89,275,91,,,,,,
304,130,719,184,,,,,,
844,178,1039,351,,,,,,
1385,57,559,663,,,,,,
614,37,473,921,,,,,,
373,52,537,1021,,,,,,
407,82,621,1075,,,,,,
530,125,528,1160,,,,,,
493,129,519,1278,,,,,,
363,221,669,1159,,,,,,
513,391,974,955,,,,,,
925,766,1542,852,,,,,,
1613,637,1165,967,,,,,,
1251,338,648,1108,,,,,,
753,195,193,965,,,,,,
545,142,102,1061,,,,,,
388,97,88,835,,,,,,
265,36,60,209,,,,,,
134,16,53,106,,,,,,
66,8,6,36,,,,,,
41,6,7,30,,,,,,
39,1,4,10,,,,,,
8,8,10,16,,,,,,
14,66,84,93,,,,,,
98,234,312,306,,,,,,
271,633,805,677,,,,,,
773,945,1230,976,,,,,,
1233,423,394,422,,,,,,
626,113,338,262,,,,,,
382,194,462,462,,,,,,
462,276,557,606,,,,,,
589,299,597,629,,,,,,
621,341,585,586,,,,,,
658,403,693,717,,,,,,
723,588,1054,1002,,,,,,
1060,963,1744,1540,,,,,,
1549,738,1414,1250,,,,,,
1041,422,926,281,,,,,,
635,205,619,166,,,,,,
380,167,431,169,,,,,,
317,89,242,153,,,,,,
227,47,99,92,,,,,,
167,23,49,48,,,,,,
102,9,24,16,,,,,,
88,2,10,16,,,,,,
63,2,5,5,,,,,,
16,2,8,5,,,,,,
21,61,100,30,,,,,,
19,208,338,92,,,,,,
41,547,995,131,,,,,,
127,849,1300,272,,,,,,
295,416,643,161,,,,,,
459,174,409,94,,,,,,
673,211,500,114,,,,,,
811,230,658,256,,,,,,
964,260,693,304,,,,,,
1107,222,680,411,,,,,,
1090,283,732,390,,,,,,
1107,428,1040,706,,,,,,
1107,777,1713,1255,,,,,,
1000,611,1458,1130,,,,,,
720,376,830,825,,,,,,
467,237,522,459,,,,,,
312,136,385,244,,,,,,
248,106,321,255,,,,,,
254,44,132,138,,,,,,
212,19,48,70,,,,,,
145,5,15,31,,,,,,
138,7,6,25,,,,,,
23,2,2,3,,,,,,
11,3,8,12,,,,,,
9,50,79,88,,,,,,
10,150,262,291,,,,,,
55,439,814,697,,,,,,
121,787,937,1210,,,,,,
300,406,89,660,,,,,,
563,159,41,443,,,,,,
817,210,29,557,,,,,,
899,266,47,785,,,,,,
1047,249,97,792,,,,,,
975,224,120,795,,,,,,
923,279,305,799,,,,,,
939,406,188,1073,,,,,,
950,721,1049,1602,,,,,,
603,500,984,1203,,,,,,
427,258,376,965,,,,,,
298,161,311,664,,,,,,
260,119,253,480,,,,,,
170,92,171,432,,,,,,
99,58,122,304,,,,,,
58,42,47,227,,,,,,
20,39,24,109,,,,,,
8,21,7,75,,,,,,
13,7,7,28,,,,,,
10,4,6,14,,,,,,
12,5,73,29,,,,,,
76,9,221,84,,,,,,
354,57,510,200,,,,,,
927,99,956,414,,,,,,
1136,135,554,787,,,,,,
547,197,267,950,,,,,,
336,183,308,1108,,,,,,
372,115,353,1229,,,,,,
435,90,385,1275,,,,,,
465,98,329,1199,,,,,,
465,130,395,1183,,,,,,
511,126,621,1105,,,,,,
828,111,897,1077,,,,,,
1367,106,654,1025,,,,,,
952,64,420,1029,,,,,,
543,63,212,826,,,,,,
335,35,142,688,,,,,,
255,37,117,487,,,,,,
119,36,91,369,,,,,,
69,33,83,243,,,,,,
26,19,47,155,,,,,,
15,12,34,97,,,,,,
9,7,24,54,,,,,,
4,0,7,29,,,,,,
16,1,15,28,,,,,,
94,8,36,75,,,,,,
330,22,113,176,,,,,,
912,68,235,401,,,,,,
1217,71,448,732,,,,,,
627,144,699,1018,,,,,,
417,143,848,1128,,,,,,
486,194,1153,1216,,,,,,
588,176,1244,1240,,,,,,
574,149,1271,1305,,,,,,
562,193,1271,1222,,,,,,
773,165,1194,1224,,,,,,
1024,149,1050,1190,,,,,,
1367,102,949,1086,,,,,,
1079,83,628,891,,,,,,
688,68,381,702,,,,,,
379,48,284,538,,,,,,
268,48,271,365,,,,,,
284,17,223,187,,,,,,
287,6,141,93,,,,,,
194,2,95,32,,,,,,
135,4,74,29,,,,,,
49,0,31,9,,,,,,
37,4,11,17,,,,,,
17,55,16,112,,,,,,
47,167,30,393,,,,,,
116,396,96,887,,,,,,
259,608,219,1126,,,,,,
387,306,503,498,,,,,,
442,125,922,369,,,,,,
325,127,1109,488,,,,,,
337,177,1436,511,,,,,,
434,157,1553,517,,,,,,
390,146,1578,547,,,,,,
408,171,1537,632,,,,,,
344,321,1494,971,,,,,,
440,635,1339,1687,,,,,,
970,529,1003,1370,,,,,,
769,310,778,1015,,,,,,
485,172,538,771,,,,,,
320,113,354,487,,,,,,
280,56,196,273,,,,,,
132,30,80,85,,,,,,
82,21,37,27,,,,,,
30,8,15,12,,,,,,
14,2,4,12,,,,,,
9,0,4,7,,,,,,
4,1,6,18,,,,,,
12,51,82,122,,,,,,
67,187,304,457,,,,,,
273,473,797,1064,,,,,,
796,774,1055,1374,,,,,,
1185,365,573,624,,,,,,
538,146,496,458,,,,,,
345,153,614,451,,,,,,
330,192,695,578,,,,,,
439,216,720,504,,,,,,
430,192,718,501,,,,,,
466,222,854,614,,,,,,
612,400,1071,923,,,,,,
845,712,1820,1735,,,,,,
1192,600,1564,1443,,,,,,
988,347,915,965,,,,,,
555,238,526,730,,,,,,
455,149,404,530,,,,,,
297,101,321,349,,,,,,
247,56,147,178,,,,,,
122,19,88,79,,,,,,
85,5,17,18,,,,,,
45,4,12,14,,,,,,
23,1,3,7,,,,,,
14,4,9,15,,,,,,
13,53,103,128,,,,,,
41,231,360,451,,,,,,
138,595,964,1055,,,,,,
419,1011,1375,1239,,,,,,
749,483,664,628,,,,,,
602,227,551,433,,,,,,
477,258,649,474,,,,,,
588,329,786,549,,,,,,
665,299,806,547,,,,,,
700,309,753,525,,,,,,
784,352,819,625,,,,,,
776,532,1076,972,,,,,,
824,987,1890,1647,,,,,,
934,783,1641,1348,,,,,,
678,259,1060,897,,,,,,
450,172,666,781,,,,,,
273,152,541,520,,,,,,
237,124,443,345,,,,,,
215,78,95,188,,,,,,
118,30,32,92,,,,,,
88,14,23,35,,,,,,
47,4,27,15,,,,,,
44,5,20,4,,,,,,
14,9,12,18,,,,,,
12,54,98,124,,,,,,
18,237,369,427,,,,,,
38,663,939,999,,,,,,
113,1078,1309,1191,,,,,,
252,473,632,536,,,,,,
366,234,335,359,,,,,,
582,279,502,437,,,,,,
687,366,632,528,,,,,,
730,391,615,480,,,,,,
833,362,612,471,,,,,,
958,495,732,571,,,,,,
835,682,1096,842,,,,,,
791,1170,1836,1450,,,,,,
566,967,1499,1264,,,,,,
375,596,1131,946,,,,,,
304,389,665,735,,,,,,
210,301,442,505,,,,,,
182,181,353,401,,,,,,
177,111,177,229,,,,,,
105,60,73,95,,,,,,
71,43,29,58,,,,,,
71,13,17,34,,,,,,
47,4,11,9,,,,,,
21,10,14,18,,,,,,
12,67,91,106,,,,,,
5,194,307,362,,,,,,
25,603,941,822,,,,,,
113,1054,1398,1161,,,,,,
164,505,676,548,,,,,,
365,243,542,424,,,,,,
546,301,657,479,,,,,,
647,384,791,613,,,,,,
797,407,773,602,,,,,,
878,432,778,519,,,,,,
881,487,859,718,,,,,,
983,687,1226,616,,,,,,
795,898,1858,637,,,,,,
576,635,1631,417,,,,,,
397,409,1049,499,,,,,,
282,197,697,518,,,,,,
210,169,501,431,,,,,,
141,138,351,352,,,,,,
84,91,164,274,,,,,,
44,64,80,213,,,,,,
16,55,30,137,,,,,,
8,37,21,86,,,,,,
7,12,3,48,,,,,,
0,4,15,24,,,,,,
9,5,67,24,,,,,,
79,21,245,79,,,,,,
259,44,757,210,,,,,,
805,75,1156,410,,,,,,
1077,125,769,654,,,,,,
471,144,638,918,,,,,,
316,175,871,1037,,,,,,
368,135,991,1120,,,,,,
408,103,1054,1080,,,,,,
382,145,1240,1121,,,,,,
376,202,1256,1049,,,,,,
474,113,1442,1174,,,,,,
720,76,1655,1061,,,,,,
1146,63,1206,982,,,,,,
905,51,1002,921,,,,,,
538,42,600,782,,,,,,
385,54,391,582,,,,,,
266,57,337,410,,,,,,
134,62,212,347,,,,,,
61,52,175,270,,,,,,
26,35,107,167,,,,,,
9,22,48,102,,,,,,
3,13,33,72,,,,,,
2,6,17,26,,,,,,
6,7,25,27,,,,,,
80,15,60,69,,,,,,
319,38,141,146,,,,,,
905,94,346,382,,,,,,
1228,202,595,591,,,,,,
562,351,951,874,,,,,,
301,405,1215,972,,,,,,
345,519,1482,1058,,,,,,
464,643,1486,1123,,,,,,
418,577,1463,1090,,,,,,
403,615,1595,1097,,,,,,
528,521,1537,1055,,,,,,
884,351,1431,986,,,,,,
1302,260,1219,901,,,,,,
1005,166,1012,839,,,,,,
586,164,733,767,,,,,,
351,130,593,415,,,,,,
364,95,342,377,,,,,,
208,67,290,178,,,,,,
96,43,223,66,,,,,,
32,26,124,37,,,,,,
17,9,96,21,,,,,,
8,13,42,5,,,,,,
1,4,18,13,,,,,,
8,14,36,120,,,,,,
95,40,82,413,,,,,,
326,111,123,895,,,,,,
942,200,310,1083,,,,,,
1237,220,599,555,,,,,,
610,243,894,402,,,,,,
297,330,1100,452,,,,,,
370,377,1305,524,,,,,,
425,345,1134,457,,,,,,
434,390,1049,298,,,,,,
367,375,1078,464,,,,,,
322,382,1086,928,,,,,,
654,375,1028,1647,,,,,,
1181,341,809,1252,,,,,,
978,222,741,1031,,,,,,
630,177,493,795,,,,,,
446,119,394,540,,,,,,
320,103,239,319,,,,,,
238,26,126,161,,,,,,
108,16,73,64,,,,,,
29,8,26,25,,,,,,
11,7,16,21,,,,,,
12,0,12,6,,,,,,
4,9,14,17,,,,,,
10,66,77,134,,,,,,
77,228,257,1076,,,,,,
300,552,620,1309,,,,,,
899,870,822,535,,,,,,
1197,283,528,424,,,,,,
575,56,364,480,,,,,,
297,139,183,547,,,,,,
392,190,107,518,,,,,,
471,153,301,455,,,,,,
435,81,460,610,,,,,,
430,115,608,893,,,,,,
555,339,852,1161,,,,,,
769,712,1552,1287,,,,,,
1288,685,1255,1059,,,,,,
1089,420,880,790,,,,,,
580,300,565,549,,,,,,
404,188,373,315,,,,,,
346,100,236,194,,,,,,
211,57,97,63,,,,,,
114,16,55,27,,,,,,
59,8,19,13,,,,,,
28,6,9,6,,,,,,
9,6,10,16,,,,,,
5,4,14,136,,,,,,
6,58,70,433,,,,,,
64,211,383,1027,,,,,,
245,561,931,1326,,,,,,
789,923,1237,579,,,,,,
1160,421,595,379,,,,,,
504,250,454,391,,,,,,
354,267,496,515,,,,,,
431,365,654,493,,,,,,
588,328,678,468,,,,,,
598,287,632,514,,,,,,
651,350,739,886,,,,,,
732,475,1072,1584,,,,,,
1084,869,1988,1382,,,,,,
1324,737,1557,1035,,,,,,
905,481,1019,831,,,,,,
566,307,526,548,,,,,,
372,225,320,339,,,,,,
307,129,206,175,,,,,,
262,61,88,101,,,,,,
210,34,43,19,,,,,,
172,14,8,19,,,,,,
85,10,7,14,,,,,,
63,0,7,19,,,,,,
25,5,9,117,,,,,,
14,49,89,390,,,,,,
15,166,274,956,,,,,,
51,462,770,1224,,,,,,
115,731,1223,593,,,,,,
284,432,650,380,,,,,,
511,248,340,423,,,,,,
687,290,469,504,,,,,,
880,399,541,455,,,,,,
1070,369,516,466,,,,,,
1147,363,475,534,,,,,,
1141,461,595,850,,,,,,
686,524,851,1490,,,,,,
387,793,1574,1281,,,,,,
102,707,1224,933,,,,,,
140,469,754,745,,,,,,
166,295,533,577,,,,,,
162,271,343,362,,,,,,
133,191,303,221,,,,,,
121,93,95,116,,,,,,
90,79,49,53,,,,,,
75,52,14,24,,,,,,
53,31,7,13,,,,,,
34,19,5,17,,,,,,
13,18,9,98,,,,,,
10,59,85,392,,,,,,
5,95,341,823,,,,,,
11,178,842,1145,,,,,,
55,282,573,590,,,,,,
115,269,470,458,,,,,,
241,361,382,524,,,,,,
325,409,478,616,,,,,,
372,392,677,604,,,,,,
370,443,695,598,,,,,,
396,418,613,756,,,,,,
312,357,802,1025,,,,,,
345,409,1053,1360,,,,,,
330,399,1715,1128,,,,,,
248,336,1410,836,,,,,,
172,291,984,643,,,,,,
136,232,317,476,,,,,,
94,177,321,350,,,,,,
57,139,268,294,,,,,,
40,121,163,183,,,,,,
17,97,68,127,,,,,,
14,62,42,104,,,,,,
7,36,15,34,,,,,,
1,9,9,24,,,,,,
1,8,9,39,,,,,,
7,20,71,84,,,,,,
60,49,264,210,,,,,,
210,159,675,392,,,,,,
591,533,1114,688,,,,,,
870,834,667,846,,,,,,
417,660,487,973,,,,,,
210,527,595,1019,,,,,,
246,588,741,933,,,,,,
262,549,754,615,,,,,,
265,713,714,531,,,,,,
252,817,847,856,,,,,,
336,774,1219,739,,,,,,
558,525,1440,270,,,,,,
924,353,1255,299,,,,,,
662,241,862,422,,,,,,
375,188,569,304,,,,,,
265,158,435,167,,,,,,
160,140,392,169,,,,,,
90,117,297,147,,,,,,
43,97,196,105,,,,,,
17,78,118,71,,,,,,
10,40,94,38,,,,,,
4,17,40,12,,,,,,
3,4,11,18,,,,,,
8,4,14,70,,,,,,
75,12,35,166,,,,,,
210,40,115,320,,,,,,
643,96,284,629,,,,,,
1002,221,415,914,,,,,,
494,344,308,953,,,,,,
279,450,329,1094,,,,,,
285,537,241,993,,,,,,
367,555,262,876,,,,,,
299,447,221,985,,,,,,
351,153,273,748,,,,,,
395,229,226,868,,,,,,
621,199,183,435,,,,,,
966,155,206,495,,,,,,
684,140,215,522,,,,,,
395,77,206,329,,,,,,
217,78,203,241,,,,,,
152,69,149,21,,,,,,
104,24,141,34,,,,,,
45,19,123,21,,,,,,
23,7,109,17,,,,,,
11,4,72,3,,,,,,
11,4,38,16,,,,,,
3,3,14,103,,,,,,
9,38,19,340,,,,,,
56,124,29,817,,,,,,
160,220,78,1103,,,,,,
438,287,250,601,,,,,,
790,141,411,414,,,,,,
452,56,719,458,,,,,,
261,54,926,541,,,,,,
333,57,1000,516,,,,,,
461,40,998,561,,,,,,
533,43,1080,620,,,,,,
616,88,1018,995,,,,,,
696,173,1029,1478,,,,,,
613,450,854,1282,,,,,,
452,427,650,970,,,,,,
334,272,515,725,,,,,,
243,174,303,470,,,,,,
158,125,250,296,,,,,,
109,70,171,138,,,,,,
88,29,88,86,,,,,,
53,13,31,40,,,,,,
34,10,16,11,,,,,,
27,2,3,10,,,,,,
30,0,6,22,,,,,,
11,5,4,121,,,,,,
5,56,73,456,,,,,,
14,223,223,1049,,,,,,
22,606,591,1270,,,,,,
76,951,768,680,,,,,,
110,427,243,433,,,,,,
166,218,213,469,,,,,,
250,241,274,619,,,,,,
376,253,262,663,,,,,,
330,268,190,612,,,,,,
349,224,102,745,,,,,,
316,328,153,1052,,,,,,
268,560,252,1866,,,,,,
260,933,643,1668,,,,,,
174,835,672,1116,,,,,,
109,494,395,803,,,,,,
97,333,237,583,,,,,,
93,219,150,404,,,,,,
79,132,130,196,,,,,,
63,58,53,97,,,,,,
69,17,18,48,,,,,,
49,7,13,28,,,,,,
19,5,6,3,,,,,,
3,0,2,17,,,,,,
3,9,9,139,,,,,,
4,85,72,475,,,,,,
15,261,297,1106,,,,,,
45,737,623,1349,,,,,,
116,1083,945,734,,,,,,
190,444,496,458,,,,,,
259,194,214,593,,,,,,
325,273,134,710,,,,,,
414,342,178,646,,,,,,
503,357,128,629,,,,,,
534,363,151,735,,,,,,
588,486,276,1069,,,,,,
631,699,555,1866,,,,,,
623,1231,1151,1640,,,,,,
406,949,1044,1077,,,,,,
291,598,663,851,,,,,,
255,353,405,597,,,,,,
224,270,312,454,,,,,,
133,176,188,228,,,,,,
117,84,86,118,,,,,,
84,19,24,52,,,,,,
73,10,18,31,,,,,,
46,9,4,2,,,,,,
32,6,2,16,,,,,,
19,10,11,121,,,,,,
5,58,84,406,,,,,,
11,244,357,972,,,,,,
17,697,845,1376,,,,,,
54,1131,1151,668,,,,,,
133,499,542,447,,,,,,
243,217,312,578,,,,,,
417,279,395,642,,,,,,
473,360,525,640,,,,,,
480,314,518,644,,,,,,
494,307,428,771,,,,,,
496,373,588,1046,,,,,,
469,520,910,1739,,,,,,
387,974,1604,1515,,,,,,
283,784,1330,1047,,,,,,
218,483,875,763,,,,,,
190,346,642,467,,,,,,
151,197,409,366,,,,,,
134,138,261,225,,,,,,
95,73,134,98,,,,,,
71,25,40,53,,,,,,
58,19,23,55,,,,,,
47,2,22,8,,,,,,
30,1,9,20,,,,,,
11,7,10,89,,,,,,
6,63,81,346,,,,,,
9,182,342,825,,,,,,
15,597,1023,1198,,,,,,
35,954,1465,657,,,,,,
122,474,726,397,,,,,,
194,230,450,330,,,,,,
335,249,439,105,,,,,,
429,333,566,146,,,,,,
484,323,570,314,,,,,,
499,251,591,91,,,,,,
470,375,729,82,,,,,,
522,556,991,210,,,,,,
478,860,1714,182,,,,,,
329,582,1483,192,,,,,,
245,307,919,168,,,,,,
197,185,629,91,,,,,,
139,124,478,41,,,,,,
91,120,304,28,,,,,,
74,68,183,10,,,,,,
48,59,87,5,,,,,,
26,45,46,37,,,,,,
7,30,35,23,,,,,,
6,16,7,11,,,,,,
2,12,13,21,,,,,,
4,5,85,56,,,,,,
65,14,310,136,,,,,,
236,64,819,248,,,,,,
671,139,1231,444,,,,,,
1039,257,670,620,,,,,,
464,337,502,758,,,,,,
227,391,662,782,,,,,,
230,484,822,496,,,,,,
317,493,758,600,,,,,,
347,546,725,620,,,,,,
311,555,922,584,,,,,,
361,555,1178,824,,,,,,
631,439,1628,805,,,,,,
1061,342,1202,726,,,,,,
837,270,892,674,,,,,,
477,149,613,482,,,,,,
318,139,478,460,,,,,,
206,134,419,343,,,,,,
116,80,287,226,,,,,,
68,70,244,173,,,,,,
22,61,155,112,,,,,,
15,48,69,75,,,,,,
8,26,46,21,,,,,,
0,9,14,39,,,,,,
10,6,38,77,,,,,,
47,9,77,162,,,,,,
220,33,236,378,,,,,,
565,97,412,663,,,,,,
844,165,703,965,,,,,,
433,342,941,1281,,,,,,
104,382,1082,1414,,,,,,
153,638,1193,1392,,,,,,
164,530,1095,1340,,,,,,
120,480,1159,1264,,,,,,
182,584,1195,1298,,,,,,
235,587,1193,1251,,,,,,
427,387,991,1022,,,,,,
813,251,884,912,,,,,,
721,199,774,734,,,,,,
467,147,630,433,,,,,,
317,102,446,380,,,,,,
231,65,423,155,,,,,,
157,32,412,66,,,,,,
76,15,223,28,,,,,,
31,12,141,11,,,,,,
9,5,136,3,,,,,,
8,0,55,18,,,,,,
2,5,32,96,,,,,,
7,49,34,346,,,,,,
91,153,67,855,,,,,,
196,385,137,1024,,,,,,
519,698,344,622,,,,,,
481,316,560,472,,,,,,
155,151,843,568,,,,,,
119,147,1118,707,,,,,,
163,183,1274,646,,,,,,
254,191,1287,572,,,,,,
241,148,1110,714,,,,,,
249,210,1032,1077,,,,,,
362,374,1050,1822,,,,,,
578,793,1043,1440,,,,,,
1047,660,921,1092,,,,,,
657,425,819,763,,,,,,
444,251,574,522,,,,,,
303,145,413,324,,,,,,
88,71,256,148,,,,,,
94,33,144,69,,,,,,
72,20,59,24,,,,,,
94,7,24,8,,,,,,
46,5,20,4,,,,,,
29,4,6,22,,,,,,
13,7,16,127,,,,,,
12,58,97,435,,,,,,
100,226,330,992,,,,,,
282,572,800,1353,,,,,,
756,936,979,663,,,,,,
1199,447,541,401,,,,,,
693,239,357,495,,,,,,
451,224,390,588,,,,,,
590,310,492,533,,,,,,
801,247,526,527,,,,,,
740,234,487,678,,,,,,
857,380,570,1021,,,,,,
1107,597,926,1011,,,,,,
1246,1060,1620,848,,,,,,
1304,875,1236,909,,,,,,
1023,498,588,748,,,,,,
693,365,336,459,,,,,,
425,249,269,308,,,,,,
313,151,183,179,,,,,,
234,53,130,78,,,,,,
168,27,63,38,,,,,,
137,10,19,37,,,,,,
91,9,19,6,,,,,,
66,3,21,24,,,,,,
33,6,11,128,,,,,,
4,92,97,434,,,,,,
12,250,441,991,,,,,,
14,683,1110,1336,,,,,,
56,1119,1279,661,,,,,,
108,485,569,400,,,,,,
92,230,334,482,,,,,,
110,271,437,594,,,,,,
123,297,549,560,,,,,,
249,281,545,596,,,,,,
271,225,533,630,,,,,,
184,323,688,978,,,,,,
219,589,1009,1729,,,,,,
346,1139,1810,1435,,,,,,
396,824,1420,1040,,,,,,
412,517,886,767,,,,,,
381,343,611,552,,,,,,
261,237,428,385,,,,,,
246,187,291,198,,,,,,
184,84,142,114,,,,,,
180,25,65,45,,,,,,
108,13,32,26,,,,,,
79,2,28,5,,,,,,
52,5,8,12,,,,,,
22,8,12,125,,,,,,
7,55,102,408,,,,,,
17,251,399,955,,,,,,
40,704,1095,1296,,,,,,
92,1109,1270,616,,,,,,
266,478,634,409,,,,,,
538,199,388,497,,,,,,
847,226,432,643,,,,,,
1098,301,564,572,,,,,,
1255,309,538,554,,,,,,
1354,251,446,736,,,,,,
1451,369,556,981,,,,,,
1360,553,1032,1678,,,,,,
1307,954,1713,885,,,,,,
1254,758,1400,639,,,,,,
1181,415,859,584,,,,,,
1001,280,552,457,,,,,,
680,200,379,340,,,,,,
597,125,315,219,,,,,,
447,59,112,112,,,,,,
318,50,40,44,,,,,,
198,16,18,44,,,,,,
99,5,8,13,,,,,,
70,1,7,23,,,,,,
33,6,18,107,,,,,,
15,54,85,328,,,,,,
23,187,361,772,,,,,,
40,530,929,1228,,,,,,
99,916,1299,680,,,,,,
263,472,659,542,,,,,,
611,221,373,669,,,,,,
873,265,487,747,,,,,,
1135,301,654,693,,,,,,
1215,305,571,708,,,,,,
1293,268,498,864,,,,,,
1262,360,597,1183,,,,,,
1168,487,968,1455,,,,,,
1164,776,1572,1207,,,,,,
1106,548,1242,930,,,,,,
1027,306,768,716,,,,,,
733,182,344,502,,,,,,
523,134,183,402,,,,,,
317,87,115,319,,,,,,
212,66,55,206,,,,,,
101,49,19,97,,,,,,
55,33,18,92,,,,,,
14,6,18,39,,,,,,
10,9,8,11,,,,,,
7,6,6,29,,,,,,
14,9,11,77,,,,,,
96,19,51,192,,,,,,
342,68,123,361,,,,,,
979,141,111,629,,,,,,
1203,251,105,973,,,,,,
568,260,197,1142,,,,,,
431,373,294,1297,,,,,,
458,413,385,1339,,,,,,
608,447,375,1461,,,,,,
546,491,456,1419,,,,,,
512,478,584,1330,,,,,,
578,466,878,1288,,,,,,
1041,371,1189,1095,,,,,,
1719,259,887,985,,,,,,
1013,201,652,841,,,,,,
240,166,407,618,,,,,,
317,105,279,454,,,,,,
331,113,93,371,,,,,,
179,73,117,219,,,,,,
98,57,127,150,,,,,,
57,50,73,102,,,,,,
13,37,71,52,,,,,,
5,17,47,22,,,,,,
7,6,14,16,,,,,,
14,8,7,52,,,,,,
96,16,47,135,,,,,,
384,50,129,271,,,,,,
958,112,263,574,,,,,,
1304,180,411,839,,,,,,
538,355,418,1124,,,,,,
256,426,321,1215,,,,,,
129,505,328,1182,,,,,,
98,516,399,1238,,,,,,
93,518,474,1341,,,,,,
103,562,557,1241,,,,,,
82,521,552,1096,,,,,,
217,524,311,1000,,,,,,
475,335,253,828,,,,,,
416,143,281,606,,,,,,
290,105,231,387,,,,,,
150,90,189,313,,,,,,
120,256,166,156,,,,,,
121,100,173,94,,,,,,
70,22,114,31,,,,,,
36,10,67,6,,,,,,
31,16,41,9,,,,,,
12,8,20,15,,,,,,
5,6,8,59,,,,,,
18,56,8,176,,,,,,
120,193,34,248,,,,,,
406,573,79,523,,,,,,
1083,1161,233,365,,,,,,
1297,449,411,93,,,,,,
631,203,602,68,,,,,,
398,264,780,46,,,,,,
509,311,879,42,,,,,,
644,331,875,51,,,,,,
599,304,949,168,,,,,,
531,408,921,571,,,,,,
666,644,831,1074,,,,,,
1020,1204,840,710,,,,,,
1792,933,595,490,,,,,,
1558,539,421,395,,,,,,
1024,334,348,324,,,,,,
630,233,293,237,,,,,,
453,145,146,100,,,,,,
390,52,118,50,,,,,,
197,14,59,12,,,,,,
113,9,15,10,,,,,,
44,0,9,2,,,,,,
31,3,1,16,,,,,,
4,5,18,101,,,,,,
9,69,80,347,,,,,,
93,292,308,877,,,,,,
372,710,761,1315,,,,,,
918,1194,1034,599,,,,,,
1495,467,481,494,,,,,,
652,265,346,534,,,,,,
503,309,402,634,,,,,,
608,396,522,667,,,,,,
691,413,542,606,,,,,,
767,321,513,791,,,,,,
743,462,608,1136,,,,,,
877,733,914,1912,,,,,,
1164,1441,1712,1628,,,,,,
1690,1048,1249,1030,,,,,,
1380,652,755,792,,,,,,
881,405,501,566,,,,,,
557,308,312,435,,,,,,
483,203,190,188,,,,,,
360,77,80,108,,,,,,
256,30,54,25,,,,,,
179,17,18,10,,,,,,
118,5,9,7,,,,,,
118,6,2,15,,,,,,
31,8,14,116,,,,,,
11,98,83,390,,,,,,
33,321,356,972,,,,,,
58,863,873,1344,,,,,,
150,1252,1291,685,,,,,,
355,490,624,501,,,,,,
646,267,369,556,,,,,,
948,339,383,667,,,,,,
1047,502,522,672,,,,,,
1199,497,526,645,,,,,,
1218,455,554,729,,,,,,
1308,477,626,1148,,,,,,
1325,817,915,1881,,,,,,
1243,1509,1688,1483,,,,,,
1265,1094,1307,1071,,,,,,
1115,625,808,785,,,,,,
907,418,594,554,,,,,,
535,285,403,392,,,,,,
417,157,230,206,,,,,,
286,87,120,97,,,,,,
250,23,43,24,,,,,,
187,7,27,19,,,,,,
129,5,6,12,,,,,,
91,0,6,15,,,,,,
43,4,11,105,,,,,,
12,35,84,352,,,,,,
39,164,381,924,,,,,,
66,449,918,1411,,,,,,
128,835,1252,674,,,,,,
318,413,587,496,,,,,,
560,179,384,541,,,,,,
846,162,439,674,,,,,,
1020,221,641,701,,,,,,
1193,191,635,615,,,,,,
1103,181,572,736,,,,,,
1051,206,683,1103,,,,,,
1173,370,1076,1810,,,,,,
1178,669,1787,1589,,,,,,
1062,538,1445,1054,,,,,,
878,295,954,698,,,,,,
773,165,555,524,,,,,,
490,135,425,409,,,,,,
329,81,457,196,,,,,,
218,41,161,114,,,,,,
122,19,54,67,,,,,,
68,10,25,23,,,,,,
24,8,18,10,,,,,,
9,1,10,10,,,,,,
5,5,8,95,,,,,,
9,34,80,312,,,,,,
95,159,338,769,,,,,,
383,411,663,1280,,,,,,
905,772,214,738,,,,,,
1267,394,78,495,,,,,,
526,193,50,657,,,,,,
358,202,46,754,,,,,,
473,324,57,794,,,,,,
569,287,51,752,,,,,,
590,250,56,879,,,,,,
607,343,125,1242,,,,,,
722,508,158,1522,,,,,,
1069,746,334,1083,,,,,,
1849,505,273,387,,,,,,
1534,303,300,117,,,,,,
964,170,257,146,,,,,,
595,131,222,45,,,,,,
394,104,132,98,,,,,,
251,95,98,87,,,,,,
135,52,41,78,,,,,,
63,47,45,48,,,,,,
30,30,26,20,,,,,,
22,21,2,10,,,,,,
4,9,20,27,,,,,,
23,7,71,75,,,,,,
119,19,299,178,,,,,,
421,74,700,359,,,,,,
1092,155,1014,545,,,,,,
1594,289,571,702,,,,,,
606,407,315,946,,,,,,
423,507,485,951,,,,,,
456,650,581,1039,,,,,,
621,622,566,1120,,,,,,
556,650,593,1145,,,,,,
546,656,545,1088,,,,,,
674,613,312,1083,,,,,,
1027,566,381,864,,,,,,
1942,459,211,667,,,,,,
1692,292,131,102,,,,,,
1058,207,112,210,,,,,,
613,215,82,187,,,,,,
466,138,67,161,,,,,,
312,136,43,138,,,,,,
137,102,23,98,,,,,,
63,91,19,70,,,,,,
23,61,10,34,,,,,,
12,30,3,17,,,,,,
5,15,0,26,,,,,,
10,10,2,64,,,,,,
108,17,20,146,,,,,,
232,48,98,285,,,,,,
530,115,215,623,,,,,,
843,196,376,865,,,,,,
551,231,478,1035,,,,,,
351,177,591,1276,,,,,,
415,334,693,1239,,,,,,
576,386,755,1243,,,,,,
548,549,735,1155,,,,,,
465,589,726,1190,,,,,,
575,459,715,1111,,,,,,
996,375,641,952,,,,,,
1781,313,577,909,,,,,,
1392,232,446,704,,,,,,
933,170,312,438,,,,,,
639,116,252,390,,,,,,
440,70,288,138,,,,,,
294,37,202,64,,,,,,
138,25,154,32,,,,,,
58,9,122,14,,,,,,
22,2,83,6,,,,,,
19,1,37,10,,,,,,
6,6,12,79,,,,,,
15,50,24,334,,,,,,
93,190,45,778,,,,,,
368,482,106,1101,,,,,,
950,754,222,645,,,,,,
1471,354,450,456,,,,,,
653,155,773,573,,,,,,
404,155,1001,726,,,,,,
442,206,1216,598,,,,,,
560,208,1179,591,,,,,,
603,232,1235,726,,,,,,
594,291,1232,1060,,,,,,
681,468,1154,1593,,,,,,
1044,893,1048,1301,,,,,,
1734,777,904,921,,,,,,
1342,461,692,614,,,,,,
812,290,491,495,,,,,,
591,193,345,304,,,,,,
424,111,228,159,,,,,,
213,51,113,76,,,,,,
120,22,60,34,,,,,,
72,10,25,21,,,,,,
33,2,15,8,,,,,,
25,3,6,22,,,,,,
7,5,15,106,,,,,,
18,65,86,375,,,,,,
97,251,361,726,,,,,,
330,636,807,567,,,,,,
872,957,975,177,,,,,,
1412,435,548,82,,,,,,
639,203,333,93,,,,,,
427,203,466,145,,,,,,
565,259,601,318,,,,,,
780,237,622,401,,,,,,
720,227,590,550,,,,,,
748,353,754,948,,,,,,
893,571,1071,1467,,,,,,
1225,1095,1673,1256,,,,,,
1695,828,1389,905,,,,,,
1427,431,858,668,,,,,,
932,251,529,499,,,,,,
558,208,384,351,,,,,,
414,114,271,158,,,,,,
378,43,141,61,,,,,,
337,26,40,28,,,,,,
211,8,9,20,,,,,,
155,8,5,8,,,,,,
73,3,4,13,,,,,,
39,6,10,114,,,,,,
16,67,102,393,,,,,,
28,259,389,893,,,,,,
60,651,1056,1319,,,,,,
185,1071,1367,627,,,,,,
442,490,552,464,,,,,,
723,219,401,528,,,,,,
974,258,475,713,,,,,,
1147,307,567,629,,,,,,
1365,318,588,493,,,,,,
1331,280,522,625,,,,,,
1249,320,719,980,,,,,,
1209,464,1061,1576,,,,,,
1347,966,1836,1439,,,,,,
1182,731,1375,992,,,,,,
1055,432,923,660,,,,,,
847,257,691,481,,,,,,
556,198,485,322,,,,,,
432,98,282,199,,,,,,
394,48,181,53,,,,,,
277,14,52,30,,,,,,
238,6,19,13,,,,,,
141,4,19,2,,,,,,
93,3,1,18,,,,,,
55,4,15,116,,,,,,
15,59,103,369,,,,,,
33,205,424,907,,,,,,
151,584,1003,1254,,,,,,
182,880,1253,602,,,,,,
363,467,603,400,,,,,,
634,185,382,518,,,,,,
951,226,438,651,,,,,,
1092,223,545,554,,,,,,
1038,223,486,520,,,,,,
1117,216,462,603,,,,,,
1049,270,556,935,,,,,,
1013,439,912,1599,,,,,,
1107,820,1570,1395,,,,,,
1100,684,1404,1004,,,,,,
912,327,934,733,,,,,,
724,251,682,456,,,,,,
439,183,427,346,,,,,,
314,94,314,223,,,,,,
252,60,175,86,,,,,,
156,25,62,56,,,,,,
71,24,43,39,,,,,,
32,5,11,8,,,,,,
13,1,9,20,,,,,,
4,7,11,89,,,,,,
17,51,103,308,,,,,,
113,155,400,748,,,,,,
355,451,989,1104,,,,,,
898,876,1246,679,,,,,,
1119,436,572,493,,,,,,
547,220,396,579,,,,,,
393,260,461,693,,,,,,
597,398,593,713,,,,,,
590,361,538,663,,,,,,
551,383,470,729,,,,,,
619,471,644,1020,,,,,,
994,680,868,1234,,,,,,
1833,881,1561,303,,,,,,
1446,597,1311,527,,,,,,
971,395,901,432,,,,,,
617,225,437,358,,,,,,
399,156,345,291,,,,,,
248,125,269,231,,,,,,
146,99,164,136,,,,,,
40,61,79,91,,,,,,
9,42,59,81,,,,,,
17,30,30,40,,,,,,
6,15,12,17,,,,,,
23,13,17,29,,,,,,
117,9,84,87,,,,,,
422,31,418,205,,,,,,
1145,70,1105,380,,,,,,
1417,146,1388,706,,,,,,
589,362,710,936,,,,,,
363,524,504,1039,,,,,,
455,785,624,1038,,,,,,
610,1016,682,1094,,,,,,
552,1095,696,1105,,,,,,
542,1303,600,985,,,,,,
729,1256,746,1011,,,,,,
1066,1217,1032,958,,,,,,
1961,993,1428,910,,,,,,
1543,565,1027,817,,,,,,
983,404,659,661,,,,,,
583,243,440,476,,,,,,
475,200,408,324,,,,,,
265,187,389,316,,,,,,
133,159,290,195,,,,,,
66,126,214,181,,,,,,
31,67,134,89,,,,,,
18,55,61,49,,,,,,
8,26,46,13,,,,,,
11,8,28,21,,,,,,
116,13,43,67,,,,,,
431,22,94,149,,,,,,
1110,55,187,328,,,,,,
1397,170,330,522,,,,,,
607,349,675,836,,,,,,
375,727,920,1034,,,,,,
468,948,1018,1056,,,,,,
607,1262,1068,1088,,,,,,
582,1361,1139,1086,,,,,,
528,1439,1215,1018,,,,,,
667,1521,1238,991,,,,,,
1004,1372,1179,911,,,,,,
1789,1127,1120,908,,,,,,
1466,610,943,744,,,,,,
958,338,680,566,,,,,,
576,260,551,356,,,,,,
394,229,361,305,,,,,,
326,158,350,130,,,,,,
185,107,201,57,,,,,,
68,91,146,21,,,,,,
28,32,113,19,,,,,,
12,11,90,4,,,,,,
9,11,54,12,,,,,,
19,8,25,82,,,,,,
109,33,18,302,,,,,,
389,50,44,768,,,,,,
1020,170,146,1049,,,,,,
1365,372,319,571,,,,,,
585,462,483,420,,,,,,
356,606,685,486,,,,,,
462,819,858,620,,,,,,
551,883,980,631,,,,,,
534,1009,1064,589,,,,,,
509,966,955,521,,,,,,
683,971,994,818,,,,,,
985,1020,915,1461,,,,,,
1790,943,953,1397,,,,,,
1505,580,778,1000,,,,,,
877,434,572,677,,,,,,
639,274,358,397,,,,,,
461,164,267,258,,,,,,
321,109,173,111,,,,,,
204,40,111,49,,,,,,
115,12,45,50,,,,,,
70,14,27,15,,,,,,
25,4,12,7,,,,,,
23,7,4,18,,,,,,
16,5,7,105,,,,,,
93,76,34,380,,,,,,
328,274,114,945,,,,,,
883,748,164,1251,,,,,,
1224,996,271,573,,,,,,
601,381,204,384,,,,,,
477,250,168,448,,,,,,
618,318,254,519,,,,,,
788,392,418,464,,,,,,
761,319,450,479,,,,,,
708,287,475,530,,,,,,
836,456,682,838,,,,,,
1187,687,912,1576,,,,,,
1572,1266,1553,1345,,,,,,
1247,934,1162,986,,,,,,
835,554,813,732,,,,,,
518,338,569,467,,,,,,
439,281,397,322,,,,,,
375,143,245,120,,,,,,
301,73,126,82,,,,,,
176,28,49,39,,,,,,
129,11,11,23,,,,,,
88,4,5,12,,,,,,
46,2,4,18,,,,,,
19,8,15,118,,,,,,
32,85,102,414,,,,,,
80,300,403,999,,,,,,
173,790,965,1268,,,,,,
400,1093,1285,597,,,,,,
682,428,564,412,,,,,,
885,255,340,503,,,,,,
1006,290,404,601,,,,,,
1140,382,521,578,,,,,,
1078,390,498,555,,,,,,
1067,375,478,715,,,,,,
1079,474,638,1045,,,,,,
1030,775,943,1764,,,,,,
1023,1289,1564,1507,,,,,,
966,1015,767,1089,,,,,,
822,604,328,709,,,,,,
479,443,158,510,,,,,,
428,343,193,327,,,,,,
384,185,186,176,,,,,,
272,90,101,72,,,,,,
269,29,53,31,,,,,,
176,19,23,16,,,,,,
122,2,5,12,,,,,,
60,3,2,20,,,,,,
22,10,14,89,,,,,,
13,71,81,360,,,,,,
53,328,353,904,,,,,,
125,880,838,1289,,,,,,
301,1287,1272,626,,,,,,
591,545,582,429,,,,,,
830,296,381,548,,,,,,
911,412,464,706,,,,,,
1132,613,567,656,,,,,,
969,551,575,666,,,,,,
1006,547,492,695,,,,,,
909,605,581,1018,,,,,,
1038,928,877,1733,,,,,,
899,1539,1601,1460,,,,,,
833,1162,1219,1030,,,,,,
665,714,738,756,,,,,,
422,477,512,497,,,,,,
332,380,417,331,,,,,,
185,211,250,190,,,,,,
110,135,45,93,,,,,,
69,69,18,41,,,,,,
42,44,5,31,,,,,,
28,12,4,3,,,,,,
8,7,0,14,,,,,,
21,9,4,82,,,,,,
94,78,47,334,,,,,,
390,268,120,823,,,,,,
898,799,203,1283,,,,,,
1115,1239,478,646,,,,,,
500,570,302,542,,,,,,
356,396,255,635,,,,,,
448,537,335,765,,,,,,
549,717,446,825,,,,,,
508,744,498,774,,,,,,
524,764,436,873,,,,,,
660,956,584,1297,,,,,,
980,1210,894,1727,,,,,,
1667,1636,899,1305,,,,,,
1478,1073,157,901,,,,,,
901,625,233,679,,,,,,
569,402,266,485,,,,,,
411,339,236,464,,,,,,
247,240,186,260,,,,,,
190,225,108,206,,,,,,
62,131,61,131,,,,,,
21,98,27,101,,,,,,
11,58,21,32,,,,,,
3,36,14,13,,,,,,
31,11,23,27,,,,,,
122,25,62,73,,,,,,
428,38,268,168,,,,,,
1107,123,722,389,,,,,,
1461,315,1170,669,,,,,,
587,587,626,957,,,,,,
340,782,493,1138,,,,,,
429,1001,622,1225,,,,,,
542,1014,764,1122,,,,,,
537,925,836,1200,,,,,,
520,562,1007,1373,,,,,,
607,303,1133,1131,,,,,,
959,444,1216,1147,,,,,,
1793,454,1260,1049,,,,,,
1476,373,964,906,,,,,,
905,278,747,624,,,,,,
634,223,529,432,,,,,,
461,165,476,319,,,,,,
277,123,339,247,,,,,,
144,105,211,144,,,,,,
76,104,154,275,,,,,,
29,53,86,115,,,,,,
18,48,69,40,,,,,,
5,25,30,28,,,,,,
17,3,18,25,,,,,,
132,8,26,37,,,,,,
460,15,52,141,,,,,,
1111,50,114,327,,,,,,
1410,171,301,533,,,,,,
567,284,552,839,,,,,,
334,465,787,1063,,,,,,
428,475,803,1143,,,,,,
550,586,987,1172,,,,,,
535,673,1057,1181,,,,,,
490,631,966,1161,,,,,,
603,656,1052,1036,,,,,,
878,602,727,1114,,,,,,
1633,507,737,891,,,,,,
1432,367,724,831,,,,,,
934,240,751,571,,,,,,
634,140,522,273,,,,,,
507,105,430,264,,,,,,
308,89,311,152,,,,,,
190,42,219,65,,,,,,
62,40,164,24,,,,,,
38,5,104,12,,,,,,
19,4,57,10,,,,,,
4,1,39,12,,,,,,
15,7,13,92,,,,,,
100,64,15,360,,,,,,
403,265,49,859,,,,,,
1046,597,115,1081,,,,,,
1383,978,297,581,,,,,,
672,442,595,458,,,,,,
410,213,855,513,,,,,,
474,260,1083,618,,,,,,
577,358,847,633,,,,,,
607,336,629,634,,,,,,
584,295,329,648,,,,,,
718,436,638,1107,,,,,,
1081,612,847,1830,,,,,,
1786,1132,821,1506,,,,,,
1587,891,762,914,,,,,,
1019,551,648,530,,,,,,
636,310,418,333,,,,,,
537,250,391,222,,,,,,
401,149,267,87,,,,,,
217,68,205,63,,,,,,
108,25,124,77,,,,,,
46,9,85,63,,,,,,
31,5,59,92,,,,,,
14,2,25,191,,,,,,
23,7,21,475,,,,,,
100,84,33,667,,,,,,
356,321,60,452,,,,,,
924,888,124,363,,,,,,
1380,1275,265,251,,,,,,
739,503,499,199,,,,,,
478,280,722,126,,,,,,
622,365,1010,74,,,,,,
724,449,1134,31,,,,,,
814,437,1181,17,,,,,,
754,411,1189,15,,,,,,
964,485,1176,22,,,,,,
1213,734,1095,95,,,,,,
1701,837,1021,390,,,,,,
1266,220,943,1033,,,,,,
747,128,817,1451,,,,,,
486,105,612,717,,,,,,
417,86,391,447,,,,,,
355,110,237,550,,,,,,
268,62,108,644,,,,,,
185,27,56,645,,,,,,
138,11,26,615,,,,,,
92,7,16,767,,,,,,
38,15,8,1056,,,,,,
16,79,11,1786,,,,,,
17,280,85,1577,,,,,,
58,669,331,1111,,,,,,
179,1187,716,718,,,,,,
393,526,941,482,,,,,,
635,303,472,320,,,,,,
946,359,251,151,,,,,,
1052,438,319,87,,,,,,
1152,518,465,29,,,,,,
1146,487,474,13,,,,,,
1130,562,529,9,,,,,,
1162,823,591,18,,,,,,
1085,1172,832,109,,,,,,
989,808,1632,371,,,,,,
825,493,1169,978,,,,,,
583,297,796,1401,,,,,,
378,219,278,641,,,,,,
309,195,178,420,,,,,,
286,135,78,507,,,,,,
227,106,49,577,,,,,,
172,76,37,617,,,,,,
138,63,17,623,,,,,,
70,26,3,693,,,,,,
55,6,8,1026,,,,,,
17,9,9,1737,,,,,,
28,33,115,1545,,,,,,
36,94,351,979,,,,,,
97,230,936,644,,,,,,
270,343,1326,395,,,,,,
526,534,614,320,,,,,,
736,615,398,172,,,,,,
910,678,470,74,,,,,,
1091,710,595,50,,,,,,
1054,657,509,29,,,,,,
1107,728,564,14,,,,,,
1083,678,653,18,,,,,,
1126,594,1006,110,,,,,,
1000,406,1198,308,,,,,,
961,268,866,760,,,,,,
605,223,933,1289,,,,,,
385,170,658,692,,,,,,
266,163,451,470,,,,,,
165,150,317,528,,,,,,
104,118,138,701,,,,,,
63,87,44,684,,,,,,
17,60,15,691,,,,,,
11,33,7,764,,,,,,
7,12,8,1103,,,,,,
18,8,15,1533,,,,,,
103,22,85,1295,,,,,,
365,50,292,982,,,,,,
895,143,767,713,,,,,,
1266,277,1187,508,,,,,,
584,472,477,421,,,,,,
352,521,121,280,,,,,,
455,657,195,166,,,,,,
526,705,295,90,,,,,,
619,722,289,96,,,,,,
539,702,286,47,,,,,,
654,585,362,21,,,,,,
1082,467,630,29,,,,,,
1810,343,1047,63,,,,,,
1354,259,796,179,,,,,,
843,179,442,400,,,,,,
502,136,118,586,,,,,,
323,94,125,857,,,,,,
200,57,140,1028,,,,,,
112,32,71,1115,,,,,,
57,4,31,1134,,,,,,
9,5,11,1041,,,,,,
6,4,6,955,,,,,,
20,12,4,415,,,,,,
118,77,7,440,,,,,,
405,310,38,566,,,,,,
1086,675,91,600,,,,,,
1474,1064,150,473,,,,,,
672,449,334,293,,,,,,
334,245,228,197,,,,,,
445,272,137,377,,,,,,
618,359,198,203,,,,,,
610,323,176,152,,,,,,
494,348,200,117,,,,,,
682,450,137,41,,,,,,
1048,709,188,23,,,,,,
1810,1167,217,15,,,,,,
1440,976,318,69,,,,,,
856,591,248,128,,,,,,
525,330,159,60,,,,,,
375,259,87,112,,,,,,
255,150,74,91,,,,,,
132,74,72,60,,,,,,
40,43,56,68,,,,,,
37,12,52,45,,,,,,
15,11,36,66,,,,,,
3,8,24,101,,,,,,
16,18,9,81,,,,,,
136,76,5,83,,,,,,
430,317,7,97,,,,,,
1031,801,28,96,,,,,,
1428,1262,65,112,,,,,,
646,491,140,91,,,,,,
404,228,245,114,,,,,,
474,283,288,78,,,,,,
623,378,402,48,,,,,,
552,361,487,32,,,,,,
505,326,596,9,,,,,,
664,456,618,8,,,,,,
1057,731,628,26,,,,,,
1793,1062,577,101,,,,,,
1507,627,491,352,,,,,,
914,217,340,850,,,,,,
571,162,210,1244,,,,,,
472,206,150,565,,,,,,
282,115,111,380,,,,,,
144,101,103,442,,,,,,
57,40,102,545,,,,,,
31,17,76,634,,,,,,
30,5,44,658,,,,,,
13,3,37,809,,,,,,
14,17,16,1191,,,,,,
109,90,7,1922,,,,,,
409,295,6,1580,,,,,,
1033,764,30,1178,,,,,,
1450,1088,96,802,,,,,,
644,493,198,585,,,,,,
363,226,258,413,,,,,,
507,228,444,389,,,,,,
605,339,549,110,,,,,,
609,330,683,46,,,,,,
573,283,706,12,,,,,,
682,384,687,10,,,,,,
1059,639,648,22,,,,,,
1767,986,602,116,,,,,,
1495,921,543,430,,,,,,
926,514,326,1031,,,,,,
524,383,224,1490,,,,,,
446,239,115,689,,,,,,
344,166,91,433,,,,,,
202,91,73,490,,,,,,
106,51,54,611,,,,,,
63,17,41,539,,,,,,
39,7,9,608,,,,,,
11,5,5,701,,,,,,
18,16,3,1105,,,,,,
101,83,11,1710,,,,,,
353,282,57,1473,,,,,,
867,770,240,891,,,,,,
1287,1121,566,664,,,,,,
673,523,819,498,,,,,,
544,239,369,303,,,,,,
579,292,211,163,,,,,,
761,326,265,73,,,,,,
833,288,325,41,,,,,,
785,348,313,32,,,,,,
938,406,290,20,,,,,,
1298,645,417,32,,,,,,
1746,1030,685,139,,,,,,
1344,891,1121,451,,,,,,
801,552,812,1084,,,,,,
522,314,474,1500,,,,,,
439,253,265,675,,,,,,
500,162,218,429,,,,,,
377,100,121,520,,,,,,
241,29,62,624,,,,,,
158,19,23,626,,,,,,
91,16,9,571,,,,,,
54,10,8,733,,,,,,
21,18,10,1069,,,,,,
29,74,14,1869,,,,,,
66,255,73,1597,,,,,,
170,576,286,992,,,,,,
384,992,664,827,,,,,,
673,551,1141,498,,,,,,
928,288,479,327,,,,,,
1185,297,221,172,,,,,,
1264,363,268,69,,,,,,
1324,355,327,24,,,,,,
1369,353,291,18,,,,,,
1433,420,228,8,,,,,,
1360,656,267,26,,,,,,
1233,853,451,87,,,,,,
1015,615,920,395,,,,,,
671,401,780,984,,,,,,
541,260,408,1482,,,,,,
547,197,125,686,,,,,,
413,164,70,407,,,,,,
307,119,53,512,,,,,,
190,83,27,661,,,,,,
168,54,18,585,,,,,,
100,44,6,646,,,,,,
79,19,2,751,,,,,,
22,8,7,1092,,,,,,
17,7,10,1823,,,,,,
86,16,64,1585,,,,,,
136,79,213,1291,,,,,,
219,137,442,787,,,,,,
360,166,705,590,,,,,,
484,176,304,443,,,,,,
679,171,130,754,,,,,,
869,184,201,541,,,,,,
899,175,250,170,,,,,,
970,135,276,71,,,,,,
956,135,206,26,,,,,,
848,144,342,35,,,,,,
861,133,536,79,,,,,,
760,100,1017,335,,,,,,
526,95,807,778,,,,,,
410,96,398,1327,,,,,,
368,58,270,753,,,,,,
244,72,214,496,,,,,,
153,59,133,583,,,,,,
91,48,62,745,,,,,,
76,50,42,820,,,,,,
34,21,4,761,,,,,,
17,21,5,949,,,,,,
19,13,6,1246,,,,,,
33,10,17,1664,,,,,,
36,21,74,1282,,,,,,
45,78,257,915,,,,,,
154,106,617,737,,,,,,
159,163,1087,562,,,,,,
220,274,475,427,,,,,,
449,320,227,256,,,,,,
565,353,288,222,,,,,,
648,358,335,128,,,,,,
641,366,308,65,,,,,,
809,402,281,55,,,,,,
887,397,391,39,,,,,,
1186,302,560,41,,,,,,
1074,265,977,133,,,,,,
692,201,761,196,,,,,,
475,120,422,412,,,,,,
346,131,263,718,,,,,,
216,87,198,998,,,,,,
158,44,117,1137,,,,,,
58,28,65,1164,,,,,,
26,5,32,1129,,,,,,
14,4,16,1089,,,,,,
5,1,10,1067,,,,,,
24,10,6,1050,,,,,,
112,74,17,917,,,,,,
414,229,47,846,,,,,,
982,639,211,919,,,,,,
1349,1038,520,677,,,,,,
604,455,926,285,,,,,,
364,226,434,199,,,,,,
425,252,228,223,,,,,,
520,331,275,204,,,,,,
588,334,351,119,,,,,,
558,310,329,100,,,,,,
620,376,329,71,,,,,,
1025,582,453,21,,,,,,
1843,1026,612,28,,,,,,
1415,813,926,76,,,,,,
850,471,590,156,,,,,,
518,286,320,288,,,,,,
416,220,253,528,,,,,,
287,104,140,855,,,,,,
136,57,106,923,,,,,,
65,29,104,1046,,,,,,
16,13,58,1140,,,,,,
22,7,44,997,,,,,,
11,3,28,1016,,,,,,
11,8,9,912,,,,,,
135,87,9,817,,,,,,
389,282,20,714,,,,,,
920,718,62,676,,,,,,
1284,1214,206,544,,,,,,
590,537,323,325,,,,,,
338,235,457,261,,,,,,
457,268,581,125,,,,,,
515,309,651,65,,,,,,
527,292,720,23,,,,,,
428,255,762,10,,,,,,
619,365,824,0,,,,,,
886,561,828,16,,,,,,
1094,940,778,60,,,,,,
760,761,665,199,,,,,,
437,358,377,603,,,,,,
331,216,256,1075,,,,,,
256,145,224,423,,,,,,
170,84,189,193,,,,,,
113,38,108,264,,,,,,
26,21,116,406,,,,,,
15,6,56,452,,,,,,
13,7,56,423,,,,,,
8,5,0,608,,,,,,
17,6,10,879,,,,,,
93,52,6,1634,,,,,,
359,197,19,1331,,,,,,
917,461,40,811,,,,,,
1270,848,124,573,,,,,,
625,385,222,371,,,,,,
387,177,438,241,,,,,,
359,163,513,151,,,,,,
451,199,605,65,,,,,,
449,198,742,37,,,,,,
492,201,826,6,,,,,,
629,259,895,11,,,,,,
896,427,824,103,,,,,,
1481,742,768,414,,,,,,
1155,576,591,955,,,,,,
834,343,408,1486,,,,,,
496,205,234,835,,,,,,
341,180,150,691,,,,,,
255,122,122,755,,,,,,
162,74,55,868,,,,,,
187,28,28,803,,,,,,
323,17,16,777,,,,,,
69,4,15,885,,,,,,
19,5,4,1081,,,,,,
14,7,19,1727,,,,,,
87,69,62,1447,,,,,,
304,255,193,1051,,,,,,
802,611,514,790,,,,,,
1348,1027,987,527,,,,,,
639,431,471,322,,,,,,
467,197,236,163,,,,,,
516,206,253,52,,,,,,
614,260,272,22,,,,,,
661,264,293,8,,,,,,
647,254,288,8,,,,,,
791,369,376,22,,,,,,
1121,504,595,112,,,,,,
1345,823,1023,442,,,,,,
775,680,747,1003,,,,,,
478,406,416,1511,,,,,,
342,237,230,692,,,,,,
306,209,134,426,,,,,,
292,146,73,514,,,,,,
222,83,41,596,,,,,,
180,49,15,556,,,,,,
133,33,8,564,,,,,,
127,13,4,713,,,,,,
53,3,5,1060,,,,,,
31,9,12,1787,,,,,,
17,59,56,1564,,,,,,
71,201,213,1106,,,,,,
177,478,498,832,,,,,,
394,865,968,577,,,,,,
594,472,430,366,,,,,,
790,213,203,194,,,,,,
959,238,196,97,,,,,,
1055,257,265,55,,,,,,
1152,192,283,17,,,,,,
1245,151,273,9,,,,,,
1210,208,382,27,,,,,,
1208,261,546,102,,,,,,
1201,406,1083,446,,,,,,
999,310,840,990,,,,,,
626,179,466,1431,,,,,,
538,110,288,696,,,,,,
407,116,216,457,,,,,,
343,82,123,541,,,,,,
305,60,71,721,,,,,,
231,45,23,682,,,,,,
163,39,6,628,,,,,,
95,31,5,723,,,,,,
27,18,4,1057,,,,,,
17,5,17,1883,,,,,,
38,7,67,1575,,,,,,
111,21,214,1072,,,,,,
267,77,533,828,,,,,,
419,152,964,627,,,,,,
696,215,442,457,,,,,,
864,325,200,251,,,,,,
1004,424,227,138,,,,,,
1062,473,263,59,,,,,,
1070,426,222,37,,,,,,
1083,490,212,13,,,,,,
1177,513,308,20,,,,,,
1169,460,496,146,,,,,,
994,387,944,362,,,,,,
682,286,728,883,,,,,,
445,234,436,1331,,,,,,
316,152,256,735,,,,,,
218,137,155,547,,,,,,
127,146,102,640,,,,,,
51,121,42,783,,,,,,
14,76,21,845,,,,,,
25,60,6,860,,,,,,
9,36,5,904,,,,,,
9,25,4,1261,,,,,,
66,9,12,1702,,,,,,
237,9,68,1335,,,,,,
705,16,206,1001,,,,,,
1196,51,513,792,,,,,,
599,133,989,607,,,,,,
372,223,512,486,,,,,,
406,329,255,330,,,,,,
576,406,312,200,,,,,,
608,525,389,125,,,,,,
507,487,342,90,,,,,,
626,517,318,40,,,,,,
1004,470,460,19,,,,,,
1672,441,623,48,,,,,,
1236,374,1113,94,,,,,,
745,260,921,209,,,,,,
461,238,547,477,,,,,,
326,179,316,733,,,,,,
234,141,254,893,,,,,,
121,90,196,1237,,,,,,
45,46,109,1156,,,,,,
22,27,65,1199,,,,,,
9,19,16,1214,,,,,,
4,17,6,1147,,,,,,
13,9,4,1195,,,,,,
107,13,10,1100,,,,,,
379,65,68,996,,,,,,
927,255,178,900,,,,,,
1397,624,427,716,,,,,,
568,1106,779,603,,,,,,
355,591,465,449,,,,,,
352,260,235,345,,,,,,
549,330,289,214,,,,,,
509,429,374,138,,,,,,
537,398,361,88,,,,,,
624,407,311,40,,,,,,
1000,445,438,30,,,,,,
1692,688,604,34,,,,,,
1293,1081,999,62,,,,,,
719,874,728,154,,,,,,
456,531,368,408,,,,,,
328,303,192,593,,,,,,
233,248,177,880,,,,,,
168,162,122,910,,,,,,
60,96,117,913,,,,,,
15,60,86,985,,,,,,
17,12,54,990,,,,,,
5,7,25,955,,,,,,
15,7,20,955,,,,,,
122,15,10,814,,,,,,
372,86,11,795,,,,,,
918,298,24,682,,,,,,
1376,697,65,539,,,,,,
666,1221,175,402,,,,,,
365,535,328,263,,,,,,
419,312,439,219,,,,,,
532,419,483,75,,,,,,
598,483,511,28,,,,,,
539,471,506,19,,,,,,
684,449,424,6,,,,,,
1029,585,433,20,,,,,,
1701,727,426,106,,,,,,
1333,1165,392,383,,,,,,
799,936,380,866,,,,,,
505,555,274,1144,,,,,,
438,349,178,616,,,,,,
312,274,150,408,,,,,,
185,177,147,438,,,,,,
60,80,104,509,,,,,,
37,52,86,526,,,,,,
23,15,63,473,,,,,,
6,10,55,565,,,,,,
17,8,24,913,,,,,,
94,15,9,1621,,,,,,
376,93,7,1270,,,,,,
883,278,20,859,,,,,,
1322,706,56,657,,,,,,
648,1043,128,479,,,,,,
412,537,289,367,,,,,,
459,280,491,207,,,,,,
595,326,631,63,,,,,,
607,397,813,43,,,,,,
572,356,891,13,,,,,,
756,356,992,11,,,,,,
1049,445,1123,26,,,,,,
1796,628,984,123,,,,,,
1382,954,963,405,,,,,,
776,711,692,1003,,,,,,
544,428,464,1296,,,,,,
389,252,274,590,,,,,,
324,184,225,390,,,,,,
187,171,147,437,,,,,,
103,91,116,507,,,,,,
44,42,29,489,,,,,,
36,20,16,154,,,,,,
15,8,10,215,,,,,,
20,5,5,635,,,,,,
82,11,22,1433,,,,,,
343,66,60,1419,,,,,,
821,208,207,934,,,,,,
1340,502,577,787,,,,,,
747,863,1006,495,,,,,,
504,447,480,380,,,,,,
654,250,288,187,,,,,,
812,305,348,83,,,,,,
780,406,428,30,,,,,,
741,328,483,12,,,,,,
921,349,447,9,,,,,,
1235,436,495,21,,,,,,
1689,565,789,130,,,,,,
1200,802,1345,416,,,,,,
716,549,1083,1001,,,,,,
511,325,642,1441,,,,,,
355,179,367,653,,,,,,
311,160,248,364,,,,,,
267,114,117,417,,,,,,
148,64,67,507,,,,,,
86,45,23,570,,,,,,
60,16,8,580,,,,,,
49,9,5,697,,,,,,
22,9,3,1063,,,,,,
18,9,12,1204,,,,,,
58,49,45,1183,,,,,,
173,164,70,941,,,,,,
338,314,128,258,,,,,,
634,544,267,138,,,,,,
885,375,196,148,,,,,,
1165,262,49,95,,,,,,
1287,355,48,49,,,,,,
1370,400,34,30,,,,,,
1327,485,46,11,,,,,,
1338,521,53,5,,,,,,
1389,613,64,23,,,,,,
1227,508,132,114,,,,,,
945,454,285,412,,,,,,
653,346,290,921,,,,,,
409,169,136,1336,,,,,,
336,158,113,659,,,,,,
306,131,68,374,,,,,,
241,130,39,418,,,,,,
210,93,26,459,,,,,,
128,40,8,574,,,,,,
98,34,4,560,,,,,,
58,21,7,666,,,,,,
24,13,4,1032,,,,,,
28,6,8,1695,,,,,,
100,7,23,1477,,,,,,
156,25,41,1000,,,,,,
444,60,52,722,,,,,,
724,91,86,594,,,,,,
1016,200,43,515,,,,,,
1103,228,22,250,,,,,,
1237,266,33,127,,,,,,
1221,265,34,34,,,,,,
1211,254,36,27,,,,,,
1190,220,44,6,,,,,,
1157,135,64,21,,,,,,
1049,178,91,93,,,,,,
826,94,152,225,,,,,,
520,37,160,303,,,,,,
354,62,128,642,,,,,,
270,53,90,272,,,,,,
163,55,76,108,,,,,,
97,60,62,148,,,,,,
48,60,30,171,,,,,,
23,29,22,133,,,,,,
12,24,9,200,,,,,,
15,21,2,343,,,,,,
17,12,7,541,,,,,,
99,13,14,852,,,,,,
322,4,36,739,,,,,,
814,16,112,395,,,,,,
1137,24,304,352,,,,,,
635,83,574,348,,,,,,
408,122,482,261,,,,,,
497,182,275,197,,,,,,
613,205,185,128,,,,,,
594,206,267,132,,,,,,
586,190,225,72,,,,,,
732,177,272,45,,,,,,
1073,177,356,18,,,,,,
1678,158,519,26,,,,,,
1385,99,977,75,,,,,,
778,77,812,151,,,,,,
485,65,462,288,,,,,,
342,50,273,490,,,,,,
200,38,236,684,,,,,,
109,30,122,796,,,,,,
38,39,85,882,,,,,,
20,18,50,967,,,,,,
11,8,22,1018,,,,,,
2,4,8,905,,,,,,
16,8,6,1054,,,,,,
100,4,13,977,,,,,,
372,6,58,836,,,,,,
945,8,189,483,,,,,,
1426,17,478,273,,,,,,
682,25,882,296,,,,,,
362,55,490,335,,,,,,
472,39,287,259,,,,,,
614,90,336,192,,,,,,
563,89,379,128,,,,,,
581,117,454,91,,,,,,
667,130,435,42,,,,,,
1048,125,567,29,,,,,,
1731,89,732,47,,,,,,
1397,68,1089,70,,,,,,
770,26,823,142,,,,,,
463,40,500,274,,,,,,
446,19,267,510,,,,,,
301,29,228,894,,,,,,
122,12,126,1042,,,,,,
56,15,103,1021,,,,,,
22,12,87,1207,,,,,,
11,3,55,1067,,,,,,
9,5,34,1032,,,,,,
16,4,15,920,,,,,,
121,6,11,902,,,,,,
397,15,20,886,,,,,,
979,60,48,779,,,,,,
1399,128,95,683,,,,,,
665,198,253,262,,,,,,
394,167,463,224,,,,,,
467,144,717,121,,,,,,
616,143,889,74,,,,,,
542,180,818,35,,,,,,
519,194,937,15,,,,,,
626,207,1188,4,,,,,,
934,216,1158,16,,,,,,
1691,308,910,103,,,,,,
1317,262,743,370,,,,,,
805,193,590,897,,,,,,
501,116,412,1334,,,,,,
352,80,234,628,,,,,,
263,73,170,427,,,,,,
119,40,158,580,,,,,,
40,35,141,619,,,,,,
31,15,98,676,,,,,,
16,3,68,512,,,,,,
6,0,65,648,,,,,,
18,8,35,995,,,,,,
99,7,6,1843,,,,,,
338,25,9,1481,,,,,,
911,105,18,1111,,,,,,
1310,206,56,772,,,,,,
582,337,137,523,,,,,,
327,242,266,297,,,,,,
416,168,446,187,,,,,,
512,184,537,83,,,,,,
440,207,601,30,,,,,,
503,181,661,19,,,,,,
604,196,682,9,,,,,,
957,249,730,22,,,,,,
1557,285,655,114,,,,,,
1224,324,560,481,,,,,,
694,222,421,1041,,,,,,
458,141,313,1426,,,,,,
347,76,202,673,,,,,,
251,66,136,433,,,,,,
127,45,97,475,,,,,,
64,29,48,658,,,,,,
33,13,22,580,,,,,,
14,6,17,538,,,,,,
7,5,4,643,,,,,,
19,6,4,984,,,,,,
87,10,20,1806,,,,,,
301,25,70,1581,,,,,,
667,81,207,1128,,,,,,
1220,168,531,897,,,,,,
726,307,938,617,,,,,,
426,205,529,345,,,,,,
515,125,338,191,,,,,,
764,140,413,87,,,,,,
773,173,473,20,,,,,,
760,155,476,16,,,,,,
882,135,473,9,,,,,,
1213,211,588,28,,,,,,
1648,268,805,126,,,,,,
1130,291,1306,418,,,,,,
702,218,1003,1028,,,,,,
388,118,563,1422,,,,,,
313,80,323,649,,,,,,
292,45,196,362,,,,,,
205,49,119,266,,,,,,
138,32,57,273,,,,,,
100,21,23,360,,,,,,
89,6,9,444,,,,,,
46,7,1,523,,,,,,
24,3,2,996,,,,,,
13,6,17,1573,,,,,,
45,28,65,1465,,,,,,
105,76,225,1003,,,,,,
318,134,606,807,,,,,,
568,231,1052,516,,,,,,
877,204,573,346,,,,,,
1026,134,320,180,,,,,,
1120,168,336,92,,,,,,
1230,238,351,41,,,,,,
1238,240,324,13,,,,,,
1275,220,287,15,,,,,,
1138,252,409,25,,,,,,
1047,321,603,102,,,,,,
844,249,1007,406,,,,,,
532,166,705,930,,,,,,
384,133,378,1518,,,,,,
384,63,259,688,,,,,,
268,71,229,408,,,,,,
212,63,118,483,,,,,,
195,54,77,618,,,,,,
173,38,28,616,,,,,,
135,20,7,594,,,,,,
73,10,6,758,,,,,,
16,8,5,974,,,,,,
11,4,9,1739,,,,,,
23,3,75,1487,,,,,,
50,14,202,1120,,,,,,
159,18,509,869,,,,,,
242,58,1055,605,,,,,,
375,79,593,461,,,,,,
533,107,362,274,,,,,,
565,154,422,119,,,,,,
557,168,504,70,,,,,,
583,168,449,25,,,,,,
310,179,434,12,,,,,,
172,191,495,32,,,,,,
180,184,390,115,,,,,,
99,121,493,340,,,,,,
42,100,413,834,,,,,,
18,90,322,1308,,,,,,
27,54,253,692,,,,,,
36,54,153,463,,,,,,
17,31,146,545,,,,,,
10,23,91,660,,,,,,
4,15,32,685,,,,,,
3,11,19,737,,,,,,
1,12,3,825,,,,,,
8,6,8,1051,,,,,,
70,7,19,1434,,,,,,
228,2,75,1142,,,,,,
626,5,247,910,,,,,,
1004,22,614,734,,,,,,
482,42,1044,532,,,,,,
272,91,613,424,,,,,,
312,98,398,348,,,,,,
469,96,504,246,,,,,,
426,146,620,170,,,,,,
440,149,663,95,,,,,,
555,142,695,60,,,,,,
878,129,890,31,,,,,,
1543,124,1076,42,,,,,,
1160,99,1737,93,,,,,,
705,67,1635,207,,,,,,
421,59,1053,413,,,,,,
285,30,664,758,,,,,,
171,46,506,919,,,,,,
82,25,358,901,,,,,,
35,14,209,1005,,,,,,
14,34,138,1074,,,,,,
12,49,57,1013,,,,,,
2,37,43,774,,,,,,
14,9,13,941,,,,,,
95,12,21,796,,,,,,
367,8,58,764,,,,,,
865,9,206,713,,,,,,
1308,11,553,774,,,,,,
533,19,988,580,,,,,,
345,31,688,436,,,,,,
422,61,601,277,,,,,,
499,97,689,221,,,,,,
488,104,822,121,,,,,,
502,116,702,105,,,,,,
653,113,675,51,,,,,,
1090,124,722,22,,,,,,
1629,88,742,33,,,,,,
1129,87,1042,68,,,,,,
593,51,788,153,,,,,,
399,56,595,311,,,,,,
280,41,371,600,,,,,,
191,27,291,724,,,,,,
120,20,192,730,,,,,,
59,9,116,804,,,,,,
23,3,72,798,,,,,,
21,6,60,702,,,,,,
4,4,39,684,,,,,,
16,4,30,674,,,,,,
90,10,7,750,,,,,,
322,43,13,761,,,,,,
868,135,42,633,,,,,,
1250,284,134,574,,,,,,
614,501,309,462,,,,,,
268,257,597,304,,,,,,
331,108,979,176,,,,,,
472,124,1299,58,,,,,,
449,158,1473,30,,,,,,
392,157,1606,3,,,,,,
503,140,1556,4,,,,,,
876,209,1653,19,,,,,,
1444,344,1586,111,,,,,,
1119,493,1446,351,,,,,,
647,371,1058,756,,,,,,
414,212,723,1070,,,,,,
327,100,495,598,,,,,,
221,70,299,425,,,,,,
129,43,230,420,,,,,,
65,16,168,498,,,,,,
20,9,124,527,,,,,,
6,2,76,466,,,,,,
5,3,50,556,,,,,,
19,5,27,762,,,,,,
87,12,6,1354,,,,,,
339,47,29,1147,,,,,,
876,145,54,892,,,,,,
1336,342,134,683,,,,,,
662,626,280,532,,,,,,
345,322,442,374,,,,,,
445,152,753,206,,,,,,
557,144,776,83,,,,,,
550,189,887,31,,,,,,
577,177,967,6,,,,,,
706,162,975,11,,,,,,
1006,261,992,25,,,,,,
1727,368,900,91,,,,,,
1377,669,953,380,,,,,,
762,521,793,790,,,,,,
523,256,509,1093,,,,,,
416,142,306,666,,,,,,
349,100,196,465,,,,,,
170,67,138,461,,,,,,
86,27,101,559,,,,,,
49,9,43,638,,,,,,
28,6,31,675,,,,,,
11,0,13,755,,,,,,
15,3,4,820,,,,,,
84,7,14,1234,,,,,,
259,22,58,1041,,,,,,
763,46,163,861,,,,,,
1330,87,482,714,,,,,,
753,206,877,627,,,,,,
515,185,529,455,,,,,,
605,158,367,313,,,,,,
770,107,398,158,,,,,,
796,91,431,122,,,,,,
693,88,417,71,,,,,,
818,95,454,31,,,,,,
1209,109,507,26,,,,,,
1638,187,794,49,,,,,,
1134,345,1282,110,,,,,,
710,280,1010,198,,,,,,
466,161,604,335,,,,,,
411,68,424,667,,,,,,
402,55,232,827,,,,,,
232,31,149,880,,,,,,
193,22,119,928,,,,,,
110,9,31,989,,,,,,
68,3,12,1067,,,,,,
46,0,2,900,,,,,,
13,0,1,862,,,,,,
17,4,22,1016,,,,,,
49,33,72,1090,,,,,,
131,68,256,1023,,,,,,
282,172,674,967,,,,,,
468,387,1207,1154,,,,,,
671,185,567,953,,,,,,
814,102,300,262,,,,,,
1027,94,371,108,,,,,,
1025,134,445,45,,,,,,
1032,111,422,21,,,,,,
1118,107,354,10,,,,,,
1009,149,374,17,,,,,,
628,235,621,69,,,,,,
296,365,1204,288,,,,,,
105,248,913,663,,,,,,
44,128,553,1084,,,,,,
44,65,311,744,,,,,,
43,49,254,588,,,,,,
45,38,171,559,,,,,,
83,23,89,723,,,,,,
104,16,32,621,,,,,,
16,12,16,701,,,,,,
11,5,11,847,,,,,,
3,6,5,1092,,,,,,
12,3,18,1599,,,,,,
50,5,99,1377,,,,,,
88,5,317,1041,,,,,,
173,21,762,786,,,,,,
267,55,1236,552,,,,,,
328,88,629,448,,,,,,
419,125,342,241,,,,,,
536,132,365,114,,,,,,
459,143,329,86,,,,,,
498,127,398,21,,,,,,
568,121,450,14,,,,,,
543,143,495,17,,,,,,
429,114,705,120,,,,,,
362,73,1289,324,,,,,,
285,96,1013,578,,,,,,
192,54,620,1069,,,,,,
195,53,332,711,,,,,,
147,37,257,514,,,,,,
118,36,126,603,,,,,,
29,19,63,765,,,,,,
11,24,29,794,,,,,,
12,12,13,681,,,,,,
5,13,6,788,,,,,,
12,8,3,1161,,,,,,
107,6,19,1552,,,,,,
366,6,72,1243,,,,,,
896,5,265,970,,,,,,
1131,27,713,738,,,,,,
502,50,1107,593,,,,,,
352,77,547,478,,,,,,
430,125,343,371,,,,,,
502,120,411,222,,,,,,
503,175,501,138,,,,,,
478,169,521,98,,,,,,
660,161,548,45,,,,,,
1027,167,760,22,,,,,,
1354,154,963,29,,,,,,
1017,140,1575,90,,,,,,
604,98,1340,218,,,,,,
415,71,809,383,,,,,,
283,62,506,755,,,,,,
236,37,315,1029,,,,,,
84,29,263,1127,,,,,,
40,17,111,1514,,,,,,
9,7,67,1489,,,,,,
12,3,26,1483,,,,,,
4,5,12,1281,,,,,,
18,5,11,1287,,,,,,
122,9,17,1372,,,,,,
412,54,65,1187,,,,,,
979,169,257,948,,,,,,
1340,413,649,884,,,,,,
543,717,1171,574,,,,,,
261,306,678,549,,,,,,
81,154,382,342,,,,,,
59,152,574,204,,,,,,
41,236,665,149,,,,,,
44,188,760,111,,,,,,
64,201,803,59,,,,,,
164,206,1090,29,,,,,,
263,304,1503,33,,,,,,
136,401,2038,83,,,,,,
130,221,1592,141,,,,,,
112,131,990,337,,,,,,
133,68,565,599,,,,,,
85,62,402,858,,,,,,
60,44,345,1073,,,,,,
18,24,268,1237,,,,,,
17,24,176,1310,,,,,,
10,5,104,1288,,,,,,
5,9,78,1261,,,,,,
11,4,29,1197,,,,,,
92,6,18,1074,,,,,,
388,50,18,1034,,,,,,
793,155,48,874,,,,,,
1065,352,84,819,,,,,,
476,716,229,638,,,,,,
236,351,400,330,,,,,,
278,163,493,209,,,,,,
371,165,680,68,,,,,,
374,217,664,33,,,,,,
337,247,607,15,,,,,,
419,199,635,5,,,,,,
728,328,641,21,,,,,,
1178,531,634,146,,,,,,
970,907,562,397,,,,,,
567,729,455,925,,,,,,
348,400,347,1323,,,,,,
282,268,243,659,,,,,,
199,153,188,473,,,,,,
92,103,139,506,,,,,,
45,42,109,688,,,,,,
12,13,96,633,,,,,,
15,8,71,600,,,,,,
8,8,60,723,,,,,,
15,4,27,1039,,,,,,
77,10,6,1718,,,,,,
275,71,16,1539,,,,,,
752,229,245,1011,,,,,,
1187,609,153,777,,,,,,
537,978,212,508,,,,,,
246,401,428,311,,,,,,
310,186,642,188,,,,,,
415,201,722,74,,,,,,
455,261,878,29,,,,,,
436,233,973,16,,,,,,
554,230,955,5,,,,,,
849,338,903,18,,,,,,
1149,550,1047,126,,,,,,
926,926,918,448,,,,,,
527,753,710,994,,,,,,
220,390,486,1440,,,,,,
267,273,229,588,,,,,,
197,227,150,444,,,,,,
127,140,123,401,,,,,,
76,62,109,532,,,,,,
32,21,48,566,,,,,,
18,5,21,433,,,,,,
15,6,12,533,,,,,,
19,3,9,889,,,,,,
35,16,15,1596,,,,,,
151,75,57,1455,,,,,,
339,265,246,956,,,,,,
653,656,558,862,,,,,,
406,1122,883,553,,,,,,
328,433,408,388,,,,,,
463,225,253,193,,,,,,
423,239,316,73,,,,,,
463,324,346,42,,,,,,
473,330,330,12,,,,,,
450,304,320,8,,,,,,
539,413,375,22,,,,,,
645,625,597,134,,,,,,
441,1083,1149,471,,,,,,
271,868,956,1032,,,,,,
177,451,494,1382,,,,,,
139,306,309,636,,,,,,
111,202,219,391,,,,,,
88,159,85,484,,,,,,
50,79,40,532,,,,,,
46,34,7,608,,,,,,
30,26,6,563,,,,,,
10,15,4,621,,,,,,
13,5,16,1029,,,,,,
9,9,83,1720,,,,,,
31,43,265,1520,,,,,,
92,108,738,1089,,,,,,
141,351,1116,870,,,,,,
284,761,545,579,,,,,,
357,278,315,341,,,,,,
466,125,357,175,,,,,,
524,186,397,97,,,,,,
589,268,429,25,,,,,,
604,323,398,18,,,,,,
512,347,547,11,,,,,,
448,459,809,21,,,,,,
354,591,1490,97,,,,,,
239,610,1212,412,,,,,,
225,525,732,1019,,,,,,
141,348,423,1419,,,,,,
132,128,320,691,,,,,,
106,126,200,445,,,,,,
91,131,76,480,,,,,,
82,53,45,648,,,,,,
59,39,11,626,,,,,,
37,25,2,596,,,,,,
17,30,14,737,,,,,,
13,12,96,1062,,,,,,
4,6,277,1731,,,,,,
35,7,763,1595,,,,,,
74,22,1218,1035,,,,,,
140,59,554,900,,,,,,
275,139,309,592,,,,,,
359,215,394,435,,,,,,
439,233,448,204,,,,,,
565,324,485,113,,,,,,
523,304,438,45,,,,,,
566,333,584,42,,,,,,
542,368,830,13,,,,,,
568,299,1435,21,,,,,,
425,268,1273,111,,,,,,
309,204,834,386,,,,,,
209,138,490,800,,,,,,
153,106,342,1357,,,,,,
146,97,206,736,,,,,,
116,67,106,491,,,,,,
41,42,36,574,,,,,,
10,41,14,730,,,,,,
11,33,9,778,,,,,,
6,27,6,686,,,,,,
0,8,10,844,,,,,,
9,8,81,1149,,,,,,
65,5,290,1591,,,,,,
260,3,777,1386,,,,,,
691,12,1245,1072,,,,,,
987,32,622,842,,,,,,
495,51,340,618,,,,,,
280,96,420,490,,,,,,
323,166,501,375,,,,,,
400,229,558,226,,,,,,
410,237,565,166,,,,,,
386,224,682,89,,,,,,
476,209,1001,58,,,,,,
717,251,1769,30,,,,,,
1186,198,1528,42,,,,,,
921,157,1012,77,,,,,,
574,134,572,211,,,,,,
358,75,463,442,,,,,,
274,60,361,729,,,,,,
166,57,224,1003,,,,,,
55,43,83,1049,,,,,,
26,25,48,1199,,,,,,
12,20,18,1188,,,,,,
8,17,20,1339,,,,,,
9,8,19,1279,,,,,,
19,4,99,1110,,,,,,
82,13,301,1067,,,,,,
335,17,751,975,,,,,,
771,27,1227,1031,,,,,,
1290,75,678,793,,,,,,
589,159,560,573,,,,,,
271,169,674,611,,,,,,
324,195,777,468,,,,,,
371,241,872,264,,,,,,
344,244,992,203,,,,,,
346,261,1146,148,,,,,,
431,253,1401,63,,,,,,
728,278,1981,22,,,,,,
1152,292,1505,46,,,,,,
927,339,965,73,,,,,,
524,256,702,157,,,,,,
376,170,489,376,,,,,,
255,105,477,625,,,,,,
203,93,311,1065,,,,,,
101,55,230,834,,,,,,
35,32,143,837,,,,,,
14,8,92,1163,,,,,,
10,7,50,1152,,,,,,
4,6,32,1047,,,,,,
16,2,27,996,,,,,,
99,13,83,948,,,,,,
324,72,191,863,,,,,,
835,216,415,692,,,,,,
1203,527,797,599,,,,,,
547,999,1074,464,,,,,,
305,476,1395,272,,,,,,
314,181,1636,201,,,,,,
377,225,1754,90,,,,,,
399,245,1620,41,,,,,,
376,205,1796,25,,,,,,
463,209,1641,14,,,,,,
714,331,1560,24,,,,,,
1191,486,1296,122,,,,,,
983,910,1135,361,,,,,,
557,737,774,885,,,,,,
389,400,643,1171,,,,,,
296,253,399,583,,,,,,
227,165,330,461,,,,,,
107,101,239,508,,,,,,
55,62,189,581,,,,,,
14,9,112,549,,,,,,
9,11,64,524,,,,,,
5,4,26,622,,,,,,
19,5,22,922,,,,,,
89,6,48,1415,,,,,,
337,51,106,1409,,,,,,
844,96,245,1001,,,,,,
1234,266,477,767,,,,,,
561,491,668,503,,,,,,
307,263,306,354,,,,,,
369,125,485,207,,,,,,
482,126,368,90,,,,,,
422,158,177,25,,,,,,
446,138,279,13,,,,,,
560,122,354,11,,,,,,
763,176,173,18,,,,,,
1187,346,166,143,,,,,,
973,612,98,385,,,,,,
590,502,74,1027,,,,,,
385,257,73,1411,,,,,,
254,166,48,649,,,,,,
178,101,58,426,,,,,,
117,50,11,446,,,,,,
54,27,7,497,,,,,,
29,12,1,442,,,,,,
9,2,1,488,,,,,,
7,3,7,126,,,,,,
16,1,30,442,,,,,,
87,7,150,1498,,,,,,
278,56,414,1424,,,,,,
684,171,607,939,,,,,,
1120,419,200,574,,,,,,
554,746,127,412,,,,,,
324,426,205,309,,,,,,
402,170,261,152,,,,,,
522,187,219,113,,,,,,
500,269,198,36,,,,,,
499,244,339,23,,,,,,
637,205,586,10,,,,,,
786,296,1079,24,,,,,,
1075,482,854,138,,,,,,
746,836,486,437,,,,,,
453,647,338,1035,,,,,,
255,416,205,1501,,,,,,
213,285,131,682,,,,,,
169,164,65,413,,,,,,
122,106,28,550,,,,,,
115,47,8,602,,,,,,
66,26,6,621,,,,,,
45,9,2,586,,,,,,
15,4,10,678,,,,,,
8,5,77,1046,,,,,,
11,11,303,1865,,,,,,
36,55,725,1703,,,,,,
127,182,1350,1158,,,,,,
250,433,628,938,,,,,,
382,886,292,567,,,,,,
538,480,292,396,,,,,,
622,220,360,202,,,,,,
731,321,299,71,,,,,,
783,399,291,41,,,,,,
722,394,384,17,,,,,,
606,340,574,8,,,,,,
570,489,1118,17,,,,,,
555,701,941,103,,,,,,
376,951,559,392,,,,,,
348,680,324,1017,,,,,,
268,399,243,1373,,,,,,
193,212,127,651,,,,,,
176,183,58,452,,,,,,
212,130,31,545,,,,,,
135,94,5,626,,,,,,
50,70,2,656,,,,,,
40,44,6,667,,,,,,
30,26,17,729,,,,,,
13,21,86,1089,,,,,,
8,4,271,1799,,,,,,
28,12,717,1621,,,,,,
71,17,1132,1112,,,,,,
172,66,568,853,,,,,,
303,172,285,620,,,,,,
451,292,377,484,,,,,,
570,497,464,269,,,,,,
665,692,496,118,,,,,,
558,756,528,62,,,,,,
570,823,616,32,,,,,,
513,871,867,16,,,,,,
452,917,1481,30,,,,,,
376,874,1342,127,,,,,,
264,636,831,340,,,,,,
186,371,551,844,,,,,,
158,288,376,1305,,,,,,
120,195,247,737,,,,,,
87,129,99,584,,,,,,
91,156,58,644,,,,,,
27,104,8,783,,,,,,
16,84,6,833,,,,,,
3,81,12,818,,,,,,
2,51,16,995,,,,,,
9,21,76,1253,,,,,,
77,10,285,1747,,,,,,
268,5,622,1413,,,,,,
695,17,648,1006,,,,,,
995,55,473,796,,,,,,
426,145,356,561,,,,,,
275,241,308,534,,,,,,
285,462,292,435,,,,,,
366,546,339,292,,,,,,
372,576,366,163,,,,,,
377,615,468,95,,,,,,
507,801,677,54,,,,,,
747,711,1187,40,,,,,,
1109,565,1032,42,,,,,,
867,438,589,79,,,,,,
469,385,332,182,,,,,,
307,209,268,295,,,,,,
229,173,186,495,,,,,,
138,177,88,359,,,,,,
69,114,48,131,,,,,,
48,60,20,91,,,,,,
10,30,16,75,,,,,,
5,8,8,69,,,,,,
2,10,13,70,,,,,,
14,9,69,53,,,,,,
76,12,250,36,,,,,,
284,65,612,21,,,,,,
722,259,1041,26,,,,,,
1088,641,607,28,,,,,,
529,1100,319,23,,,,,,
301,514,437,22,,,,,,
385,287,612,53,,,,,,
449,383,607,80,,,,,,
468,432,628,72,,,,,,
399,468,804,57,,,,,,
586,388,1040,30,,,,,,
768,529,1405,31,,,,,,
1089,731,1141,35,,,,,,
850,1215,728,65,,,,,,
521,919,423,149,,,,,,
304,574,283,352,,,,,,
234,373,244,605,,,,,,
143,238,212,877,,,,,,
103,136,144,754,,,,,,
39,64,68,845,,,,,,
20,27,48,501,,,,,,
7,9,22,203,,,,,,
5,20,11,648,,,,,,
8,4,24,805,,,,,,
91,8,61,800,,,,,,
210,47,142,382,,,,,,
519,133,346,260,,,,,,
808,414,569,280,,,,,,
480,1042,746,236,,,,,,
327,543,983,89,,,,,,
354,270,1102,70,,,,,,
460,276,1349,33,,,,,,
569,371,1461,11,,,,,,
591,356,1294,11,,,,,,
699,324,1311,8,,,,,,
625,400,1219,17,,,,,,
523,706,1034,109,,,,,,
310,1181,742,287,,,,,,
215,901,479,260,,,,,,
135,501,322,886,,,,,,
78,290,292,504,,,,,,
73,213,271,271,,,,,,
62,98,141,375,,,,,,
39,66,94,455,,,,,,
23,26,89,502,,,,,,
20,12,51,505,,,,,,
11,7,19,573,,,,,,
9,2,29,901,,,,,,
11,11,53,1587,,,,,,
25,85,112,1229,,,,,,
81,306,252,762,,,,,,
143,697,493,508,,,,,,
182,1180,831,272,,,,,,
251,478,1120,178,,,,,,
347,215,1245,117,,,,,,
311,239,1328,52,,,,,,
321,279,1351,36,,,,,,
314,273,1234,13,,,,,,
339,243,1173,7,,,,,,
213,349,1021,24,,,,,,
131,561,790,112,,,,,,
100,988,610,311,,,,,,
75,759,423,311,,,,,,
46,442,309,379,,,,,,
30,223,159,236,,,,,,
40,176,75,167,,,,,,
45,116,37,311,,,,,,
28,61,10,366,,,,,,
12,22,7,412,,,,,,
6,2,9,431,,,,,,
2,3,23,475,,,,,,
4,6,82,759,,,,,,
9,13,273,935,,,,,,
56,64,746,692,,,,,,
111,239,1071,456,,,,,,
144,584,510,429,,,,,,
214,978,350,296,,,,,,
269,434,495,235,,,,,,
379,199,628,135,,,,,,
442,223,576,68,,,,,,
547,261,584,41,,,,,,
652,240,647,17,,,,,,
611,229,951,16,,,,,,
582,350,1596,28,,,,,,
441,529,1365,120,,,,,,
238,923,797,392,,,,,,
220,702,498,906,,,,,,
129,418,314,1349,,,,,,
115,264,152,672,,,,,,
92,207,95,408,,,,,,
80,134,42,410,,,,,,
36,72,20,464,,,,,,
45,26,6,454,,,,,,
25,9,2,452,,,,,,
5,5,23,591,,,,,,
4,8,110,877,,,,,,
10,12,320,920,,,,,,
21,64,861,733,,,,,,
75,192,1360,187,,,,,,
118,495,616,126,,,,,,
311,873,306,127,,,,,,
423,469,352,128,,,,,,
601,232,402,175,,,,,,
726,288,397,78,,,,,,
801,394,324,29,,,,,,
841,363,231,22,,,,,,
788,321,256,11,,,,,,
690,420,493,25,,,,,,
489,597,411,118,,,,,,
338,911,222,387,,,,,,
273,623,145,922,,,,,,
169,369,103,1377,,,,,,
156,209,44,658,,,,,,
128,166,31,377,,,,,,
104,134,13,571,,,,,,
68,114,10,724,,,,,,
45,65,1,613,,,,,,
43,61,1,619,,,,,,
18,34,6,725,,,,,,
7,19,74,1026,,,,,,
8,13,229,1757,,,,,,
27,9,614,1533,,,,,,
53,29,849,1091,,,,,,
120,81,324,828,,,,,,
255,198,214,610,,,,,,
373,322,220,420,,,,,,
452,528,338,319,,,,,,
521,627,320,157,,,,,,
532,829,334,48,,,,,,
509,918,503,38,,,,,,
518,1040,768,13,,,,,,
449,1029,1253,31,,,,,,
359,836,1149,112,,,,,,
272,584,701,341,,,,,,
228,395,505,837,,,,,,
171,319,370,1285,,,,,,
108,273,246,688,,,,,,
66,168,132,562,,,,,,
41,191,54,646,,,,,,
24,139,23,721,,,,,,
9,102,16,697,,,,,,
5,62,8,789,,,,,,
2,44,14,855,,,,,,
16,10,95,1134,,,,,,
84,8,348,1471,,,,,,
254,7,872,758,,,,,,
693,21,1335,734,,,,,,
1098,50,638,513,,,,,,
449,78,403,444,,,,,,
224,90,480,359,,,,,,
297,137,594,299,,,,,,
369,174,640,208,,,,,,
404,209,590,163,,,,,,
370,181,761,91,,,,,,
506,237,1071,66,,,,,,
744,266,1776,23,,,,,,
1190,273,1522,45,,,,,,
947,270,1014,66,,,,,,
565,195,615,204,,,,,,
329,181,514,374,,,,,,
217,92,341,640,,,,,,
141,71,217,973,,,,,,
63,66,75,1119,,,,,,
27,43,64,1361,,,,,,
13,11,43,1214,,,,,,
10,9,6,1277,,,,,,
0,9,3,1258,,,,,,
19,6,28,1287,,,,,,
77,11,93,1196,,,,,,
316,71,249,1035,,,,,,
857,239,485,1069,,,,,,
1252,601,451,788,,,,,,
558,1010,312,599,,,,,,
279,441,446,523,,,,,,
289,192,512,430,,,,,,
386,220,535,260,,,,,,
379,259,592,169,,,,,,
347,247,745,131,,,,,,
480,233,1015,57,,,,,,
769,348,1436,22,,,,,,
1183,551,1131,24,,,,,,
1000,953,710,58,,,,,,
581,742,471,161,,,,,,
369,461,375,329,,,,,,
234,284,310,581,,,,,,
180,204,239,933,,,,,,
71,108,164,1083,,,,,,
28,55,105,1226,,,,,,
9,22,60,1208,,,,,,
4,15,34,1210,,,,,,
5,7,9,1168,,,,,,
14,5,35,1259,,,,,,
101,10,67,1201,,,,,,
306,62,174,1095,,,,,,
833,196,334,898,,,,,,
1296,518,576,743,,,,,,
561,917,848,483,,,,,,
298,429,1165,359,,,,,,
312,183,1359,230,,,,,,
441,165,1524,86,,,,,,
422,238,1557,37,,,,,,
393,188,1481,14,,,,,,
515,174,1331,11,,,,,,
754,220,1213,23,,,,,,
1283,380,906,124,,,,,,
958,726,696,388,,,,,,
613,606,517,836,,,,,,
423,337,392,1231,,,,,,
268,215,219,638,,,,,,
178,112,135,469,,,,,,
144,94,82,489,,,,,,
64,44,76,597,,,,,,
17,10,56,694,,,,,,
12,6,44,645,,,,,,
2,2,16,700,,,,,,
18,1,35,898,,,,,,
91,7,87,462,,,,,,
316,66,125,277,,,,,,
808,207,299,472,,,,,,
1269,502,520,399,,,,,,
554,827,644,380,,,,,,
337,446,634,239,,,,,,
321,182,758,126,,,,,,
464,196,737,51,,,,,,
409,231,749,20,,,,,,
407,212,756,13,,,,,,
584,202,788,9,,,,,,
805,295,741,19,,,,,,
1218,491,629,111,,,,,,
926,849,432,424,,,,,,
640,673,250,930,,,,,,
416,379,186,1228,,,,,,
206,252,113,613,,,,,,
182,180,83,466,,,,,,
102,116,43,523,,,,,,
108,55,20,530,,,,,,
104,22,11,555,,,,,,
104,10,8,472,,,,,,
41,2,18,649,,,,,,
15,4,81,937,,,,,,
26,9,259,1741,,,,,,
91,68,729,1474,,,,,,
121,236,1179,1048,,,,,,
276,598,607,733,,,,,,
472,1065,370,446,,,,,,
721,487,444,314,,,,,,
810,220,523,180,,,,,,
993,253,579,83,,,,,,
880,329,570,26,,,,,,
986,267,692,7,,,,,,
798,259,967,1,,,,,,
826,367,1657,12,,,,,,
940,568,1432,120,,,,,,
803,965,914,396,,,,,,
734,801,539,936,,,,,,
467,525,359,1368,,,,,,
252,335,224,647,,,,,,
101,195,109,474,,,,,,
163,103,52,567,,,,,,
123,44,27,597,,,,,,
117,22,8,602,,,,,,
84,9,4,589,,,,,,
63,10,20,715,,,,,,
16,7,88,989,,,,,,
40,13,360,1724,,,,,,
52,59,964,1456,,,,,,
118,183,1346,1047,,,,,,
286,432,637,829,,,,,,
593,794,392,595,,,,,,
877,423,490,320,,,,,,
1106,185,612,99,,,,,,
1194,206,600,68,,,,,,
1206,223,619,37,,,,,,
1164,220,767,12,,,,,,
1081,207,1068,16,,,,,,
1040,270,1881,16,,,,,,
1017,344,1539,104,,,,,,
989,577,1036,384,,,,,,
928,416,610,863,,,,,,
685,241,450,1278,,,,,,
584,136,340,696,,,,,,
525,86,217,450,,,,,,
343,78,62,483,,,,,,
187,58,29,564,,,,,,
99,37,10,570,,,,,,
74,32,10,363,,,,,,
43,17,21,176,,,,,,
25,5,112,484,,,,,,
29,9,394,1348,,,,,,
80,7,922,1239,,,,,,
155,17,1468,903,,,,,,
325,54,695,713,,,,,,
575,136,427,493,,,,,,
757,191,478,392,,,,,,
842,253,603,206,,,,,,
938,359,607,80,,,,,,
914,352,539,53,,,,,,
845,353,681,31,,,,,,
741,336,961,9,,,,,,
777,357,1747,28,,,,,,
816,317,1484,107,,,,,,
772,240,957,339,,,,,,
697,241,638,700,,,,,,
433,162,509,1158,,,,,,
355,103,369,721,,,,,,
224,96,209,438,,,,,,
103,71,77,532,,,,,,
53,49,40,662,,,,,,
15,51,19,672,,,,,,
12,50,11,574,,,,,,
7,29,20,806,,,,,,
16,20,94,1084,,,,,,
107,11,373,1240,,,,,,
394,11,948,437,,,,,,
864,27,1523,649,,,,,,
1102,43,721,435,,,,,,
492,102,421,252,,,,,,
321,158,546,171,,,,,,
343,167,651,154,,,,,,
464,117,582,134,,,,,,
414,85,487,107,,,,,,
325,66,700,89,,,,,,
393,53,1013,22,,,,,,
696,47,1653,11,,,,,,
1507,24,1426,25,,,,,,
1357,25,1034,64,,,,,,
817,25,692,140,,,,,,
510,43,512,381,,,,,,
322,38,390,674,,,,,,
259,32,230,940,,,,,,
135,142,106,1150,,,,,,
58,62,57,1230,,,,,,
17,12,31,1313,,,,,,
16,7,19,1297,,,,,,
9,3,19,1234,,,,,,
21,2,84,1178,,,,,,
142,16,334,1105,,,,,,
484,53,792,951,,,,,,
1078,178,1228,836,,,,,,
1360,410,724,696,,,,,,
562,812,534,593,,,,,,
315,397,623,501,,,,,,
354,164,779,340,,,,,,
476,158,827,248,,,,,,
442,212,798,193,,,,,,
399,197,897,100,,,,,,
549,195,1195,63,,,,,,
891,276,1700,17,,,,,,
1542,409,1219,39,,,,,,
1395,867,893,63,,,,,,
937,633,335,122,,,,,,
627,366,319,292,,,,,,
458,266,329,606,,,,,,
269,153,278,878,,,,,,
159,78,161,925,,,,,,
58,31,124,1031,,,,,,
16,18,83,1068,,,,,,
9,7,50,1083,,,,,,
7,2,20,1019,,,,,,
16,0,26,1005,,,,,,
104,13,66,995,,,,,,
436,82,178,882,,,,,,
1019,222,414,787,,,,,,
1317,545,700,644,,,,,,
586,974,847,435,,,,,,
344,443,1014,259,,,,,,
358,207,1102,174,,,,,,
475,218,1075,107,,,,,,
488,232,971,46,,,,,,
414,240,1047,6,,,,,,
536,202,996,7,,,,,,
863,318,792,24,,,,,,
1607,491,649,115,,,,,,
1406,913,588,359,,,,,,
899,734,427,777,,,,,,
653,428,341,1129,,,,,,
488,230,293,658,,,,,,
353,192,288,441,,,,,,
234,104,202,514,,,,,,
102,41,134,568,,,,,,
55,20,93,585,,,,,,
26,4,52,557,,,,,,
5,5,24,592,,,,,,
16,3,14,862,,,,,,
104,9,41,1593,,,,,,
365,52,113,1498,,,,,,
919,147,289,1044,,,,,,
1343,380,495,698,,,,,,
668,762,828,434,,,,,,
390,527,961,301,,,,,,
484,233,1057,145,,,,,,
574,60,1058,56,,,,,,
553,65,1043,23,,,,,,
575,40,930,16,,,,,,
688,60,956,12,,,,,,
999,105,879,27,,,,,,
613,138,710,112,,,,,,
147,309,556,415,,,,,,
367,478,388,881,,,,,,
209,301,276,1327,,,,,,
31,239,196,602,,,,,,
57,171,117,407,,,,,,
127,93,53,532,,,,,,
127,38,20,533,,,,,,
82,24,16,542,,,,,,
57,6,6,525,,,,,,
37,1,23,463,,,,,,
18,5,92,671,,,,,,
19,12,341,1606,,,,,,
77,68,853,1403,,,,,,
158,195,1218,910,,,,,,
348,477,672,606,,,,,,
457,881,425,471,,,,,,
695,473,526,365,,,,,,
816,194,637,158,,,,,,
930,187,705,78,,,,,,
729,251,663,25,,,,,,
246,230,792,16,,,,,,
262,214,1052,12,,,,,,
409,298,1825,19,,,,,,
468,443,1514,127,,,,,,
460,880,972,426,,,,,,
410,668,600,963,,,,,,
364,391,385,1307,,,,,,
328,244,258,661,,,,,,
256,203,174,411,,,,,,
193,108,56,468,,,,,,
58,72,31,527,,,,,,
81,33,13,531,,,,,,
50,6,7,462,,,,,,
28,3,22,588,,,,,,
9,5,97,933,,,,,,
10,15,397,1628,,,,,,
12,48,1038,1521,,,,,,
13,167,1404,1023,,,,,,
30,435,688,756,,,,,,
94,881,406,536,,,,,,
108,460,435,354,,,,,,
101,231,564,170,,,,,,
130,247,580,69,,,,,,
146,288,509,29,,,,,,
106,316,693,16,,,,,,
112,312,1042,13,,,,,,
148,399,1802,21,,,,,,
307,582,1492,119,,,,,,
306,950,1026,369,,,,,,
295,637,634,851,,,,,,
197,385,455,1386,,,,,,
198,209,276,683,,,,,,
173,146,190,516,,,,,,
88,130,64,532,,,,,,
42,128,28,620,,,,,,
20,58,111,582,,,,,,
7,51,405,526,,,,,,
6,34,972,728,,,,,,
20,12,1513,999,,,,,,
95,7,710,1688,,,,,,
281,15,405,1449,,,,,,
669,29,477,1085,,,,,,
1126,85,508,848,,,,,,
486,163,618,549,,,,,,
214,333,600,376,,,,,,
261,400,672,211,,,,,,
438,170,1012,97,,,,,,
398,97,1765,48,,,,,,
360,58,1473,20,,,,,,
462,60,1079,7,,,,,,
819,49,693,20,,,,,,
1452,84,463,110,,,,,,
1182,78,317,340,,,,,,
707,60,131,693,,,,,,
380,53,97,1246,,,,,,
253,79,12,694,,,,,,
187,51,20,514,,,,,,
103,33,104,568,,,,,,
57,38,380,719,,,,,,
18,29,903,693,,,,,,
9,28,1395,659,,,,,,
5,24,668,851,,,,,,
18,13,427,1105,,,,,,
98,1,462,1407,,,,,,
371,1,575,1258,,,,,,
914,4,560,870,,,,,,
1362,20,558,720,,,,,,
589,31,703,565,,,,,,
371,68,793,419,,,,,,
354,110,1495,315,,,,,,
501,108,1349,189,,,,,,
484,223,845,110,,,,,,
439,287,617,102,,,,,,
575,374,476,45,,,,,,
927,427,345,624,,,,,,
1690,428,196,813,,,,,,
1297,420,127,990,,,,,,
763,158,45,1047,,,,,,
464,171,30,1117,,,,,,
380,131,15,1083,,,,,,
268,120,25,1013,,,,,,
150,90,108,876,,,,,,
57,70,332,702,,,,,,
28,26,806,715,,,,,,
12,20,1273,739,,,,,,
5,10,697,546,,,,,,
16,12,542,463,,,,,,
125,15,650,324,,,,,,
420,61,841,332,,,,,,
1030,143,820,264,,,,,,
1343,319,751,160,,,,,,
600,755,939,89,,,,,,
344,343,1177,68,,,,,,
385,144,1640,23,,,,,,
509,146,1274,35,,,,,,
508,272,996,61,,,,,,
477,286,661,128,,,,,,
640,279,508,274,,,,,,
922,391,407,519,,,,,,
1660,575,365,779,,,,,,
1238,1102,216,956,,,,,,
694,840,146,1143,,,,,,
496,471,84,1144,,,,,,
434,261,42,1039,,,,,,
294,201,26,1132,,,,,,
145,133,35,750,,,,,,
93,52,72,236,,,,,,
36,16,185,176,,,,,,
21,4,410,250,,,,,,
12,4,801,254,,,,,,
22,4,1007,202,,,,,,
100,17,1117,203,,,,,,
390,83,1209,117,,,,,,
978,230,1279,50,,,,,,
1420,591,1198,26,,,,,,
646,1009,1166,8,,,,,,
284,503,1162,7,,,,,,
296,235,1023,23,,,,,,
432,236,993,116,,,,,,
459,294,830,362,,,,,,
411,297,394,825,,,,,,
587,235,296,1153,,,,,,
905,312,289,682,,,,,,
1590,489,247,506,,,,,,
1371,848,180,542,,,,,,
897,741,93,566,,,,,,
646,424,83,637,,,,,,
457,272,48,528,,,,,,
321,197,32,693,,,,,,
207,122,5,832,,,,,,
93,72,17,1353,,,,,,
53,28,81,1361,,,,,,
31,6,228,1003,,,,,,
10,0,337,652,,,,,,
21,7,278,421,,,,,,
85,15,575,307,,,,,,
328,66,821,150,,,,,,
813,253,854,56,,,,,,
1306,643,823,32,,,,,,
656,1049,831,23,,,,,,
396,490,734,24,,,,,,
486,236,592,29,,,,,,
573,241,482,117,,,,,,
594,320,450,418,,,,,,
635,320,314,1047,,,,,,
690,291,230,1471,,,,,,
1002,419,88,749,,,,,,
1540,638,80,436,,,,,,
1212,1118,48,461,,,,,,
788,755,19,577,,,,,,
512,462,16,621,,,,,,
421,279,9,593,,,,,,
327,214,18,662,,,,,,
292,145,79,1105,,,,,,
190,45,295,1897,,,,,,
128,17,722,1418,,,,,,
96,16,1102,1088,,,,,,
28,3,630,705,,,,,,
25,2,357,451,,,,,,
42,19,445,295,,,,,,
81,77,546,135,,,,,,
183,244,573,53,,,,,,
343,623,658,18,,,,,,
541,1114,763,10,,,,,,
790,490,1091,7,,,,,,
979,265,1823,23,,,,,,
1052,285,1198,129,,,,,,
1138,385,71,451,,,,,,
1094,385,67,1050,,,,,,
1086,365,72,1458,,,,,,
1050,538,126,685,,,,,,
1110,817,131,442,,,,,,
864,1367,46,528,,,,,,
707,963,30,578,,,,,,
579,628,11,542,,,,,,
496,449,0,547,,,,,,
404,365,3,659,,,,,,
335,213,74,1049,,,,,,
273,129,365,1769,,,,,,
194,55,886,1502,,,,,,
142,44,1409,1082,,,,,,
81,29,640,721,,,,,,
28,13,379,476,,,,,,
37,13,484,511,,,,,,
132,41,571,202,,,,,,
146,147,530,80,,,,,,
284,352,578,32,,,,,,
480,836,659,11,,,,,,
794,505,966,15,,,,,,
900,255,1747,24,,,,,,
994,328,1443,111,,,,,,
963,370,893,372,,,,,,
976,334,442,924,,,,,,
1053,247,73,1348,,,,,,
1035,417,123,694,,,,,,
899,579,102,453,,,,,,
836,937,43,511,,,,,,
608,568,23,562,,,,,,
442,321,13,586,,,,,,
304,212,8,533,,,,,,
206,117,9,649,,,,,,
101,114,76,966,,,,,,
41,88,310,1699,,,,,,
22,59,779,1413,,,,,,
14,36,1266,1039,,,,,,
10,41,564,738,,,,,,
23,18,321,505,,,,,,
88,5,232,334,,,,,,
387,12,280,222,,,,,,
902,26,206,90,,,,,,
1095,62,214,41,,,,,,
331,134,202,32,,,,,,
190,260,272,15,,,,,,
277,372,442,21,,,,,,
214,460,535,112,,,,,,
166,491,406,336,,,,,,
270,455,347,793,,,,,,
276,216,255,1175,,,,,,
283,93,116,628,,,,,,
275,60,57,494,,,,,,
561,38,20,536,,,,,,
588,25,21,623,,,,,,
418,57,11,639,,,,,,
294,57,6,691,,,,,,
139,45,17,716,,,,,,
80,46,68,1067,,,,,,
22,53,195,1523,,,,,,
9,39,320,1028,,,,,,
6,27,366,515,,,,,,
3,30,258,503,,,,,,
14,16,138,458,,,,,,
93,10,132,423,,,,,,
353,8,88,275,,,,,,
805,19,117,202,,,,,,
637,43,102,163,,,,,,
445,112,144,109,,,,,,
267,227,324,41,,,,,,
319,350,467,21,,,,,,
387,517,741,27,,,,,,
252,650,565,83,,,,,,
338,715,322,151,,,,,,
512,836,141,383,,,,,,
870,900,130,621,,,,,,
1619,761,102,885,,,,,,
1336,680,30,979,,,,,,
910,361,15,1175,,,,,,
555,215,8,1145,,,,,,
470,168,3,1061,,,,,,
256,104,14,1109,,,,,,
147,106,66,1071,,,,,,
59,63,181,1003,,,,,,
21,44,440,984,,,,,,
6,22,773,860,,,,,,
11,13,493,605,,,,,,
21,7,168,518,,,,,,
132,9,61,445,,,,,,
420,31,44,334,,,,,,
1046,55,119,245,,,,,,
1385,87,174,176,,,,,,
658,216,211,126,,,,,,
383,214,479,66,,,,,,
464,260,695,25,,,,,,
596,321,235,34,,,,,,
580,391,232,53,,,,,,
560,313,126,137,,,,,,
618,295,85,331,,,,,,
1021,359,68,600,,,,,,
1789,382,56,792,,,,,,
1460,445,28,982,,,,,,
937,390,12,991,,,,,,
588,257,22,1028,,,,,,
480,159,13,990,,,,,,
326,161,5,1072,,,,,,
139,96,8,1021,,,,,,
75,54,42,990,,,,,,
22,23,89,994,,,,,,
9,11,91,826,,,,,,
6,7,175,492,,,,,,
20,7,242,363,,,,,,
112,13,353,328,,,,,,
408,87,416,158,,,,,,
1049,281,473,75,,,,,,
1360,677,512,31,,,,,,
598,1092,578,16,,,,,,
336,471,661,13,,,,,,
430,284,659,18,,,,,,
537,378,636,108,,,,,,
553,548,608,344,,,,,,
544,504,426,702,,,,,,
696,478,250,1143,,,,,,
1001,621,262,579,,,,,,
1724,909,237,466,,,,,,
1542,1554,220,468,,,,,,
893,1199,131,559,,,,,,
613,718,80,591,,,,,,
500,441,61,565,,,,,,
354,372,21,795,,,,,,
237,221,23,1051,,,,,,
129,93,49,1827,,,,,,
58,33,148,1523,,,,,,
34,15,328,928,,,,,,
8,4,463,556,,,,,,
24,0,825,397,,,,,,
101,9,1098,259,,,,,,
382,107,1308,138,,,,,,
851,339,1264,57,,,,,,
1304,875,1177,21,,,,,,
299,1270,1204,22,,,,,,
225,509,1190,14,,,,,,
405,308,1123,19,,,,,,
575,394,1000,105,,,,,,
606,485,815,438,,,,,,
627,481,636,1027,,,,,,
826,465,443,1436,,,,,,
1114,691,313,551,,,,,,
1569,948,160,206,,,,,,
1176,1765,75,270,,,,,,
764,1234,39,259,,,,,,
541,710,34,53,,,,,,
403,495,10,47,,,,,,
399,326,25,348,,,,,,
294,221,112,779,,,,,,
230,122,340,1557,,,,,,
155,68,888,1274,,,,,,
90,17,1305,689,,,,,,
41,8,618,150,,,,,,
26,4,462,156,,,,,,
33,10,573,167,,,,,,
36,87,665,115,,,,,,
151,271,656,62,,,,,,
320,760,671,26,,,,,,
678,1146,781,14,,,,,,
838,546,1080,13,,,,,,
1105,260,1802,20,,,,,,
1079,243,1631,104,,,,,,
1220,352,1079,451,,,,,,
1204,323,741,976,,,,,,
1182,296,485,1418,,,,,,
1226,392,330,656,,,,,,
1170,451,225,389,,,,,,
955,491,64,563,,,,,,
688,524,37,517,,,,,,
479,399,19,416,,,,,,
407,253,6,520,,,,,,
284,184,20,681,,,,,,
228,134,105,1005,,,,,,
178,75,365,1802,,,,,,
126,48,745,1597,,,,,,
76,11,977,1115,,,,,,
25,14,669,677,,,,,,
6,4,329,501,,,,,,
11,12,242,373,,,,,,
24,61,430,203,,,,,,
48,163,446,66,,,,,,
88,351,470,42,,,,,,
67,635,624,13,,,,,,
137,410,529,5,,,,,,
160,244,204,20,,,,,,
122,252,511,104,,,,,,
139,272,605,398,,,,,,
145,303,510,974,,,,,,
213,313,366,1498,,,,,,
197,427,233,678,,,,,,
282,638,121,451,,,,,,
201,913,70,532,,,,,,
129,643,31,654,,,,,,
83,452,19,692,,,,,,
133,262,4,622,,,,,,
115,198,17,819,,,,,,
81,140,118,1130,,,,,,
39,115,388,1917,,,,,,
18,107,923,1509,,,,,,
10,90,1383,1142,,,,,,
7,56,707,771,,,,,,
19,19,395,556,,,,,,
75,12,460,373,,,,,,
259,15,638,215,,,,,,
432,33,611,77,,,,,,
635,103,625,44,,,,,,
296,210,750,21,,,,,,
92,354,1027,18,,,,,,
122,406,1727,20,,,,,,
172,546,1526,102,,,,,,
260,587,1177,318,,,,,,
305,557,754,830,,,,,,
417,374,521,1295,,,,,,
605,380,367,714,,,,,,
1029,303,330,519,,,,,,
556,313,106,666,,,,,,
394,288,47,777,,,,,,
247,268,14,784,,,,,,
179,154,8,760,,,,,,
110,109,24,919,,,,,,
53,65,91,1258,,,,,,
32,58,365,1685,,,,,,
7,59,880,1255,,,,,,
7,47,1352,905,,,,,,
11,57,693,705,,,,,,
22,39,452,535,,,,,,
102,11,497,395,,,,,,
307,16,705,301,,,,,,
815,20,675,178,,,,,,
892,53,643,139,,,,,,
334,54,789,95,,,,,,
181,113,1024,49,,,,,,
324,189,1725,699,,,,,,
380,224,1400,886,,,,,,
392,287,1082,1031,,,,,,
397,355,791,1230,,,,,,
549,412,556,1198,,,,,,
803,490,357,1119,,,,,,
1567,510,192,1164,,,,,,
1219,452,95,1247,,,,,,
712,352,57,1133,,,,,,
460,247,34,998,,,,,,
355,162,15,917,,,,,,
269,169,19,629,,,,,,
138,133,97,551,,,,,,
54,103,322,451,,,,,,
20,32,683,305,,,,,,
6,14,1189,201,,,,,,
4,13,755,161,,,,,,
19,13,611,114,,,,,,
134,21,633,50,,,,,,
395,90,818,29,,,,,,
1029,277,832,26,,,,,,
1316,701,950,59,,,,,,
581,1078,1126,123,,,,,,
395,450,1314,311,,,,,,
461,218,1312,561,,,,,,
509,252,1145,854,,,,,,
474,344,885,945,,,,,,
542,283,685,1056,,,,,,
618,294,511,1004,,,,,,
953,383,411,1032,,,,,,
1542,660,326,1007,,,,,,
1038,1222,189,1063,,,,,,
283,881,118,1048,,,,,,
208,499,104,853,,,,,,
308,311,30,679,,,,,,
217,212,30,542,,,,,,
94,131,28,353,,,,,,
65,86,77,250,,,,,,
20,34,191,99,,,,,,
13,14,392,53,,,,,,
11,11,642,34,,,,,,
25,7,941,16,,,,,,
107,10,1031,8,,,,,,
350,83,1177,19,,,,,,
907,264,1186,113,,,,,,
1365,772,1152,361,,,,,,
560,1232,952,877,,,,,,
356,516,912,1135,,,,,,
366,237,882,599,,,,,,
474,307,687,385,,,,,,
394,390,533,419,,,,,,
172,388,397,509,,,,,,
180,336,348,444,,,,,,
169,484,343,451,,,,,,
313,764,272,520,,,,,,
249,1358,158,897,,,,,,
162,1050,120,1593,,,,,,
153,556,93,1305,,,,,,
149,367,47,896,,,,,,
115,276,18,535,,,,,,
80,150,32,411,,,,,,
32,80,56,218,,,,,,
12,28,157,106,,,,,,
5,12,343,66,,,,,,
7,7,700,786,,,,,,
22,4,960,1535,,,,,,
90,18,1226,1335,,,,,,
294,103,1211,894,,,,,,
798,271,1247,643,,,,,,
1038,793,1235,394,,,,,,
542,1255,1174,270,,,,,,
412,484,980,126,,,,,,
496,254,804,60,,,,,,
606,295,739,29,,,,,,
668,417,517,15,,,,,,
685,387,286,9,,,,,,
811,357,330,14,,,,,,
1119,470,299,136,,,,,,
1675,799,242,436,,,,,,
1293,1352,130,991,,,,,,
843,977,92,1291,,,,,,
582,559,25,630,,,,,,
440,328,28,356,,,,,,
292,253,19,335,,,,,,
247,192,24,438,,,,,,
209,95,57,422,,,,,,
139,,83,337,,,,,,
111,,216,494,,,,,,
46,,415,750,,,,,,
22,,650,1514,,,,,,
27,,809,1213,,,,,,
87,,973,886,,,,,,
180,,1102,564,,,,,,
371,,1143,453,,,,,,
660,,1128,362,,,,,,
810,,1092,183,,,,,,
1020,,1068,66,,,,,,
1204,,901,26,,,,,,
1213,,745,9,,,,,,
1306,,491,12,,,,,,
1282,,413,20,,,,,,
1296,,255,105,,,,,,
1192,,279,392,,,,,,
1030,,94,883,,,,,,
712,,23,1216,,,,,,
553,,14,541,,,,,,
465,,11,366,,,,,,
391,,19,394,,,,,,
275,,93,440,,,,,,
276,,351,451,,,,,,
182,,853,406,,,,,,
85,,1182,513,,,,,,
43,,580,776,,,,,,
20,,438,1584,,,,,,
17,,481,1272,,,,,,
54,,600,845,,,,,,
114,,600,553,,,,,,
282,,545,439,,,,,,
488,,705,308,,,,,,
717,,992,173,,,,,,
899,,1712,89,,,,,,
1089,,1431,32,,,,,,
1047,,1014,21,,,,,,
1083,,756,16,,,,,,
1101,,433,17,,,,,,
1065,,263,105,,,,,,
1079,,151,295,,,,,,
887,,70,718,,,,,,
541,,20,1138,,,,,,
379,,15,641,,,,,,
301,,15,447,,,,,,
203,,28,465,,,,,,
113,,128,647,,,,,,
,,419,624,,,,,,
,,919,762,,,,,,
,,1405,927,,,,,,
,,594,1031,,,,,,
,,388,1133,,,,,,
,,393,944,,,,,,
,,487,676,,,,,,
,,486,455,,,,,,
,,452,187,,,,,,
,,655,143,,,,,,
,,940,90,,,,,,
,,1591,,,,,,,
,,1359,,,,,,,
,,936,,,,,,,
,,634,,,,,,,
,,346,,,,,,,
,,259,,,,,,,
,,224,,,,,,,
,,45,,,,,,,
,,12,,,,,,,
,,8,,,,,,,
,,9,,,,,,,
,,18,,,,,,,
,,97,,,,,,,
,,320,,,,,,,
,,717,,,,,,,
,,1315,,,,,,,
,,691,,,,,,,
,,417,,,,,,,
,,401,,,,,,,
,,468,,,,,,,
,,527,,,,,,,
,,509,,,,,,,
,,565,,,,,,,
,,818,,,,,,,
,,1565,,,,,,,
,,864,,,,,,,
,,126,,,,,,,
,,196,,,,,,,
,,223,,,,,,,
,,122,,,,,,,
,,97,,,,,,,
